排名,专业名称,专业层次,专业类别,开设院校,人气值,MBTI,壹心理
1,商务经济学,本科,经济学类,开设院校,404235,ISTJ/INTP,研究型
2,电气工程与智能控制,本科,电气类,开设院校,240714,INTJ/ISTP,研究型
4,中医学,专科（高职）,临床医学类,开设院校,236077,INTJ/ISFJ/ESFJ,研究型
5,临床医学,本科,临床医学类,开设院校,223112,INTJ/ISFJ/ESFJ,研究型
6,航空航天工程,本科,航空航天类,开设院校,144508,ISTP/INTP,
7,口腔医学,专科（高职）,临床医学类,开设院校,143980,INTJ/ISFJ/ESFJ,研究型
8,电气工程及其自动化,本科,电气类,开设院校,124301,INTJ/ISTP,研究型
9,护理学,本科,护理学类,开设院校,119583,ISFJ,社会型
10,机械设计制造及其自动化,本科,机械类,开设院校,118268,ISTP,
11,土木工程,本科,土木类,开设院校,94482,ISTJ/INTP,研究型
12,工商管理,本科,工商管理类,开设院校,77658,ISFJ/ISTP/ESFJ,管理型
13,医学影像学,本科,临床医学类,开设院校,72647,INTJ/ISFJ/ESFJ,研究型
14,基础医学,本科,基础医学类,开设院校,60734,ESTP/INFJ,艺术型
15,建筑学,本科,建筑类,开设院校,60363,INTP/ISTJ,现实型
16,财政学,本科,财政学类,开设院校,59507,INTJ,研究型
17,心理咨询,专科（高职）,健康管理与促进类,开设院校,58125,INFP/INFJ/ENFJ,现实型、研究型、社会型
18,口腔医学,本科,口腔医学类,开设院校,58043,ISFP,现实型
19,市场营销,本科,工商管理类,开设院校,57655,ISFJ/ISTP/ESFJ,管理型
20,中医学,本科,中医学类,开设院校,56602,ESFJ/ISFJ,研究型
21,麻醉学,本科,临床医学类,开设院校,56144,INTJ/ISFJ/ESFJ,研究型
22,哲学,本科,哲学类,开设院校,53233,INFJ,社会型
23,城市轨道交通工程技术,专科（高职）,城市轨道交通类,开设院校,52165,INTP,现实型
24,金融工程,本科,金融学类,开设院校,50002,INTJ/ENTJ,研究型、现实型
25,医学营养,专科（高职）,健康管理与促进类,开设院校,49149,ESFJ/ISFJ,研究型
26,资源与环境经济学,本科,经济学类,开设院校,47358,ISTJ/INTP,研究型
27,工程造价,本科,管理科学与工程类,开设院校,40975,ENTJ/INTP,管理型
28,工程造价,专科（高职）,建设工程管理类,开设院校,40619,ENTJ/INTP/ISTJ,管理型
29,车辆工程,本科,机械类,开设院校,36425,ISTP,
30,世界语,本科,外国语言文学类,开设院校,35015,ESTP/INFJ,艺术型
31,行政管理,专科（高职）,公共管理类,开设院校,34923,ENTJ/ISFJ,管理型
32,自动化,本科,自动化类,开设院校,34918,ISTP,
33,药学,本科,药学类,开设院校,33834,INTJ/ISFJ,研究型
34,艺术设计学,本科,设计学类,开设院校,33742,INFJ/INTF,艺术型
35,计算机科学与技术,本科,计算机类,开设院校,30604,INTP/INTJ,研究型
36,考古学,本科,历史学类,开设院校,28988,INFJ,社会型
37,小学教育,本科,教育学类,开设院校,28799,ENFP/ENFJ,社会型
38,英语,本科,外国语言文学类,开设院校,27239,ESTP/INFJ,艺术型
39,心理学,本科,心理学类,开设院校,26621,INFJ/INFP,现实型、研究型
40,软件工程,本科,计算机类,开设院校,26413,INTP/INTJ,研究型
41,汉语言文学,本科,中国语言文学类,开设院校,26214,ESTP,艺术型
42,数学与应用数学,本科,数学类,开设院校,26166,INTJ,研究型
43,工程管理,本科,管理科学与工程类,开设院校,25913,ENTJ/INTP,管理型
44,审计学,本科,工商管理类,开设院校,25825,ISFJ/ISTP/ESFJ,管理型
45,护理,专科（高职）,护理类,开设院校,25698,INTJ/ISFJ,社会型
46,电子信息工程,本科,电子信息类,开设院校,25584,ISTP/INTP,
47,信息与计算科学,本科,数学类,开设院校,25387,INTJ,研究型
48,学前教育,本科,教育学类,开设院校,24520,ENFP/ENFJ,社会型
49,会计学,本科,工商管理类,开设院校,24512,ISFJ/ISTP/ESFJ,管理型
50,应用心理学,本科,心理学类,开设院校,24486,INFJ/INFP,现实型、研究型
51,物理学,本科,物理学类,开设院校,24263,ISTP/INTP,
52,历史学,本科,历史学类,开设院校,24066,INFJ,社会型
53,机械工程,本科,机械类,开设院校,23920,ISTP,
54,电子商务,本科,电子商务类,开设院校,23785,ENTJ,常规型
55,逻辑学,本科,哲学类,开设院校,23712,INFJ,社会型
56,通信工程,本科,电子信息类,开设院校,23688,ISTP/INTP,
57,生物科学,本科,生物科学类,开设院校,23676,INTJ,研究型
58,国民经济管理,本科,经济学类,开设院校,23660,ISTJ/INTP,研究型、管理型
59,物联网工程,本科,计算机类,开设院校,23463,INTP/INTJ,研究型
60,经济与金融,本科,金融学类,开设院校,23452,ISTJ/INTP,研究型
61,微机电系统工程,本科,机械类,开设院校,23423,ISTP,
62,日语,本科,外国语言文学类,开设院校,23348,ESTP/INFJ,艺术型
63,化学,本科,化学类,开设院校,23331,ISTP/INTJ,
64,计算机应用技术,专科（高职）,计算机类,开设院校,23307,INTP/INTJ,研究型
65,人力资源管理,本科,工商管理类,开设院校,23285,ISFJ/ISTP/ESFJ,管理型
66,新闻学,本科,新闻传播学类,开设院校,23275,ESFP/ENFP,艺术型
67,网络与新媒体,本科,新闻传播学类,开设院校,23094,ESFP/ENFP,艺术型
68,金融数学,本科,金融学类,开设院校,23030,ISTJ/INTP,研究型
69,工业设计,专科（高职）,机械设计制造类,开设院校,22944,ISTP,
70,生物技术,本科,生物科学类,开设院校,22899,INTJ,研究型
71,财务管理,本科,工商管理类,开设院校,22794,ISFJ/ISTP/ESFJ,管理型
72,翻译,本科,外国语言文学类,开设院校,22724,ESTP/INFJ,艺术型
73,地理科学,本科,地理科学类,开设院校,22704,INTJ/ENTJ,研究型、现实型
74,信息管理与信息系统,本科,管理科学与工程类,开设院校,22629,INTP/ISFJ,管理型
75,建筑设计,专科（高职）,建筑设计类,开设院校,22527,INTP/ISFP,现实型
76,物联网应用技术,专科（高职）,电子信息类,开设院校,22525,ISTP/INTP,
77,网络工程,本科,计算机类,开设院校,22518,INTP/INTJ,研究型
78,商务英语,本科,外国语言文学类,开设院校,22496,ESTP/INFJ,艺术型
79,汉语国际教育,本科,中国语言文学类,开设院校,22477,ESTP,艺术型
80,中西医临床医学,本科,中西医结合类,开设院校,22471,INTJ/ISFJ/ESFJ,研究型
81,法语,本科,外国语言文学类,开设院校,22379,ESTP/INFJ,艺术型
82,旅游管理,本科,旅游管理类,开设院校,22364,ESFP/ESTP,管理型
83,会计,专科（高职）,财务会计类,开设院校,22340,ISTJ,常规型
84,能源经济,本科,经济学类,开设院校,22314,ISTJ/INTP,研究型
85,电子信息科学与技术,本科,电子信息类,开设院校,22306,ISTP/INTP,
86,物流管理,本科,物流管理与工程类,开设院校,22298,ESTP,管理型
87,广播电视学,本科,新闻传播学类,开设院校,22247,ESFP/ENFP,艺术型
88,人文地理与城乡规划,本科,地理科学类,开设院校,22244,INTJ/ENTJ,研究型、现实型
89,视觉传达设计,本科,设计学类,开设院校,22240,ISFJ/ISFP,艺术型
90,汉语言,本科,中国语言文学类,开设院校,22231,ESTP,艺术型
91,计算机网络技术,专科（高职）,计算机类,开设院校,22219,INTP/INTJ,研究型
92,应用统计学,本科,统计学类,开设院校,22217,INTJ,研究型
93,电子与计算机工程,本科,计算机类,开设院校,22183,INTP/INTJ,研究型
94,特殊教育,本科,教育学类,开设院校,22089,ENFP/ENFJ,社会型
95,传播学,本科,新闻传播学类,开设院校,22088,ESFP/ENFP,艺术型
96,文物与博物馆学,本科,历史学类,开设院校,22088,INFJ,社会型
97,汽车改装技术,专科（高职）,汽车制造类,开设院校,22056,ISTP,
98,行政管理,本科,公共管理类,开设院校,22040,ENTJ/ISFJ,管理型
99,地理信息科学,本科,地理科学类,开设院校,22035,INTJ/ENTJ,研究型、现实型
100,环境工程,本科,环境科学与工程类,开设院校,21981,INTJ/ENTJ,研究型、现实型
101,自然地理与资源环境,本科,地理科学类,开设院校,21938,INTJ/ENTJ,研究型、现实型
102,俄语,本科,外国语言文学类,开设院校,21935,ESTP/INFJ,艺术型
103,环境设计,本科,设计学类,开设院校,21895,ISFJ/ISFP,艺术型
104,生物工程,本科,生物工程类,开设院校,21880,INTJ,研究型
105,新能源科学与工程,本科,能源动力类,开设院校,21854,INTP/INTJ,研究型
106,能源与动力工程,本科,能源动力类,开设院校,21853,INTP/INTJ,研究型
107,小学教育,专科（高职）,教育类,开设院校,21828,ENFP/ENFJ,社会型
108,编辑出版学,本科,新闻传播学类,开设院校,21825,ESFP/ENFP,艺术型
109,工业设计,本科,机械类,开设院校,21824,ISTP,
110,管理科学,本科,管理科学与工程类,开设院校,21797,INTP/ISFJ,管理型
111,播音与主持艺术,本科,戏剧与影视学类,开设院校,21786,ENFP/ESFP,艺术型
112,世界史,本科,历史学类,开设院校,21754,INFJ,社会型
113,眼视光医学,本科,临床医学类,开设院校,21733,INTJ/ISFJ/ESFJ,研究型
114,材料化学,本科,材料类,开设院校,21715,ISTP/INTJ,
115,建筑工程技术,专科（高职）,土建施工类,开设院校,21703,ISTJ/INTP,研究型
116,酒店管理,本科,旅游管理类,开设院校,21699,ESFP/ESTP,管理型
117,城乡规划,本科,建筑类,开设院校,21674,INTP/ISTJ,现实型
118,秘书学,本科,中国语言文学类,开设院校,21664,ESTP,艺术型
119,社会体育指导与管理,本科,体育学类,开设院校,21661,ISTP,
120,信息工程,本科,电子信息类,开设院校,21633,ISTP/INTP,
121,医学检验技术,本科,医学技术类,开设院校,21604,ESFJ/ISFJ,研究型
122,古典文献学,本科,中国语言文学类,开设院校,21592,ESTP,艺术型
123,文化产业管理,本科,工商管理类,开设院校,21541,ISFJ/ISTP/ESFJ,管理型
124,微电子科学与工程,本科,电子信息类,开设院校,21508,ISTP/INTP,
125,建筑环境与能源应用工程,本科,土木类,开设院校,21485,ISTJ/INTP,研究型
126,公共事业管理,本科,公共管理类,开设院校,21480,ENTJ/ISFJ,管理型
127,光电信息科学与工程,本科,电子信息类,开设院校,21475,ISTP/INTP,
128,智能电网信息工程,本科,电气类,开设院校,21469,INTJ/ISTP,研究型
129,建筑室内设计,专科（高职）,建筑设计类,开设院校,21462,INTP/ISFP,现实型
130,服装与服饰设计,本科,设计学类,开设院校,21457,ISFJ/ISFP,艺术型
131,政治学、经济学与哲学,本科,政治学类,开设院校,21446,ISFJ/INTJ/ENTJ,社会型
132,轨道交通信号与控制,本科,自动化类,开设院校,21445,ISTP,
133,铁道机车,专科（高职）,铁道运输类,开设院校,21430,ISTP,
134,产品设计,本科,设计学类,开设院校,21423,ISFJ/ISFP,艺术型
135,高分子材料与工程,本科,材料类,开设院校,21421,ISTP/INTJ,
136,医学影像技术,本科,医学技术类,开设院校,21415,ESFJ/ISFJ,研究型
137,口腔医学技术,本科,医学技术类,开设院校,21384,ESFJ/ISFJ,研究型
138,生物制药,本科,生物工程类,开设院校,21382,INTJ,研究型
140,影视摄影与制作,本科,戏剧与影视学类,开设院校,21371,ENFP/ESFP,艺术型
139,材料物理,本科,材料类,开设院校,21371,ISTP/INTJ,
141,金融管理,专科（高职）,金融类,开设院校,21369,ISTJ/INTP,研究型、管理型
142,机电一体化技术,专科（高职）,自动化类,开设院校,21352,ISTP,
143,数字媒体应用技术,专科（高职）,计算机类,开设院校,21352,INTP/INTJ,研究型
144,投资学,本科,金融学类,开设院校,21346,ISTJ/INTP,研究型
145,动漫制作技术,专科（高职）,计算机类,开设院校,21342,INTP/INTJ,研究型
146,动漫设计,专科（高职）,艺术设计类,开设院校,21325,ISFP,艺术型
147,集成电路设计与集成系统,本科,电子信息类,开设院校,21321,ISTP/INTP,
148,食品卫生与营养学,本科,公共卫生与预防医学类,开设院校,21314,ISFJ/ISFP,研究型、社会型
149,新能源汽车技术,专科（高职）,汽车制造类,开设院校,21311,ISTP,
150,环境科学,本科,环境科学与工程类,开设院校,21304,INTJ/ENTJ,研究型、现实型
151,武术与民族传统体育,本科,体育学类,开设院校,21283,ISTP,
152,纳米材料与技术,本科,材料类,开设院校,21227,ISTP/INTJ,
153,视觉传播设计与制作,专科（高职）,艺术设计类,开设院校,21222,ISFP,艺术型
154,药品生物技术,专科（高职）,生物技术类,开设院校,21221,INTJ,研究型
155,运动康复,本科,体育学类,开设院校,21219,ISTP,
156,新能源材料与器件,本科,材料类,开设院校,21217,ISTP/INTJ,
157,艺术史论,本科,艺术学理论类,开设院校,21171,ISFP,艺术型
158,僧伽罗语,本科,外国语言文学类,开设院校,21170,ESTP/INFJ,艺术型
159,智能终端技术与应用,专科（高职）,电子信息类,开设院校,21168,ISTP/INTP,
160,语文教育,专科（高职）,教育类,开设院校,21163,ENFP/ENFJ,社会型
161,房地产开发与管理,本科,管理科学与工程类,开设院校,21157,ENTJ/INTP,管理型
162,希伯来语,本科,外国语言文学类,开设院校,21155,ESTP/INFJ,艺术型
163,播音与主持,专科（高职）,广播影视类,开设院校,21155,INFJ/ISFP/ESFP,艺术型
164,临床药学,本科,药学类,开设院校,21150,INTJ/ISFJ,研究型
165,网络新闻与传播,专科（高职）,新闻出版类,开设院校,21136,ESFP/ENFP,艺术型
166,海洋资源与环境,本科,海洋科学类,开设院校,21125,INTJ/ISTJ/ESFJ/ENFP,研究型、现实型
167,机械工艺技术,本科,机械类,开设院校,21115,ISTP,
168,拉丁语,本科,外国语言文学类,开设院校,21114,ESTP/INFJ,艺术型
169,数字媒体艺术设计,专科（高职）,艺术设计类,开设院校,21104,ISFP,艺术型
170,舞蹈表演,本科,音乐与舞蹈学类,开设院校,21095,ESFP/ESTP,艺术型
171,希腊语,本科,外国语言文学类,开设院校,21091,ESTP/INFJ,艺术型
172,祖鲁语,本科,外国语言文学类,开设院校,21088,ESTP/INFJ,艺术型
173,电子商务技术,专科（高职）,计算机类,开设院校,21086,INTP/INTJ,研究型
174,斯洛文尼亚语,本科,外国语言文学类,开设院校,21081,ESTP/INFJ,艺术型
175,古生物学,本科,地质学类,开设院校,21081,INTJ,研究型
176,立陶宛语,本科,外国语言文学类,开设院校,21080,ESTP/INFJ,艺术型
177,风景园林设计,专科（高职）,建筑设计类,开设院校,21079,INTP/ISFP,现实型
178,斯洛伐克语,本科,外国语言文学类,开设院校,21078,ESTP/INFJ,艺术型
179,特警,专科（高职）,公安管理类,开设院校,21077,ESTP/ISFJ,现实型
180,哈萨克语,本科,外国语言文学类,开设院校,21076,ESTP/INFJ,艺术型
181,拉脱维亚语,本科,外国语言文学类,开设院校,21071,ESTP/INFJ,艺术型
182,爱沙尼亚语,本科,外国语言文学类,开设院校,21069,ESTP/INFJ,艺术型
183,乌兹别克语,本科,外国语言文学类,开设院校,21068,ESTP/INFJ,艺术型
184,爱尔兰语,本科,外国语言文学类,开设院校,21067,ESTP/INFJ,艺术型
185,马耳他语,本科,外国语言文学类,开设院校,21067,ESTP/INFJ,艺术型
186,早期教育,专科（高职）,教育类,开设院校,21063,ENFP/ENFJ,社会型
188,数字出版,本科,新闻传播学类,开设院校,21059,ESFP/ENFP,艺术型
187,云计算技术与应用,专科（高职）,计算机类,开设院校,21059,INTP/INTJ,研究型
189,外国语言与外国历史,本科,历史学类,开设院校,21054,INFJ,社会型
190,艺术与科技,本科,设计学类,开设院校,21050,ISFJ/ISFP,艺术型
191,高速铁路客运乘务,专科（高职）,铁道运输类,开设院校,21049,ISTP,
192,休闲体育,本科,体育学类,开设院校,21046,ISTP,
194,中药学,专科（高职）,药学类,开设院校,21042,INTJ/ISFJ,研究型
193,信息安全与管理,专科（高职）,计算机类,开设院校,21042,INTP/INTJ,研究型、管理型
195,电影学,本科,戏剧与影视学类,开设院校,21035,ENFP/ESFP,艺术型
196,土木工程检测技术,专科（高职）,土建施工类,开设院校,21026,ISTJ/INTP,研究型
197,城乡规划,专科（高职）,城乡规划与管理类,开设院校,21022,ISFP/ISFJ/ISTJ,管理型、研究型
198,空中乘务,专科（高职）,航空运输类,开设院校,21018,ISTP/INTP,
199,网络安全与执法,本科,公安技术类,开设院校,21018,ISFJ/INTP/ESTP,管理型
200,能源化学工程,本科,化工与制药类,开设院校,21015,INTJ,研究型
201,会展经济与管理,本科,旅游管理类,开设院校,21009,ESFP/ESTP,管理型
202,环境生态工程,本科,环境科学与工程类,开设院校,21007,INTJ/ENTJ,研究型、现实型
203,工艺美术,本科,设计学类,开设院校,21004,ISFJ/ISFP,艺术型
204,国土资源调查与管理,专科（高职）,资源勘查类,开设院校,21002,ISTP,
205,工业机器人技术,专科（高职）,自动化类,开设院校,21001,ISTP,
206,室内艺术设计,专科（高职）,艺术设计类,开设院校,21001,ISFP,艺术型
207,保密管理,本科,管理科学与工程类,开设院校,20983,ENTJ/INTP,管理型
208,海关管理,本科,公共管理类,开设院校,20982,ENTJ/ISFJ,管理型
209,警务指挥与战术,本科,公安学类,开设院校,20980,ESTP/ISFJ,现实型
210,功能材料,本科,材料类,开设院校,20980,ISTP/INTJ,
211,化工生物技术,专科（高职）,生物技术类,开设院校,20973,INTJ,研究型
212,影视编导,专科（高职）,广播影视类,开设院校,20971,INFJ/ISFP/ESFP,艺术型
213,建设工程管理,专科（高职）,建设工程管理类,开设院校,20956,ENTJ/INTP/ISTJ,管理型
214,畜牧兽医,专科（高职）,畜牧业类,开设院校,20955,INTJ/ESFJ,研究型
215,食品质量与安全,专科（高职）,食品工业类,开设院校,20952,ESFJ/ESTP,研究型
216,体育经济与管理,本科,工商管理类,开设院校,20943,ISFJ/ISTP/ESFJ,管理型
217,戏剧影视导演,本科,戏剧与影视学类,开设院校,20940,ENFP/ESFP,艺术型
218,图文信息处理,专科（高职）,新闻出版类,开设院校,20932,ESFP/ENFP,艺术型
219,物联网工程技术,专科（高职）,通信类,开设院校,20930,INTP/ENTJ,研究型
220,交通管理,本科,公共管理类,开设院校,20929,ENTJ/ISFJ,管理型
221,刑事科学技术,专科（高职）,公安技术类,开设院校,20927,ISFJ/INTP/ESTP,研究型
222,汽车智能技术,专科（高职）,电子信息类,开设院校,20926,ISTP/INTP,
223,涉外警务,本科,公安学类,开设院校,20924,ESTP/ISFJ,现实型
224,古建筑工程技术,专科（高职）,建筑设计类,开设院校,20923,INTP/ISFP,现实型
225,现代殡葬技术与管理,专科（高职）,公共服务类,开设院校,20923,ENTP,管理型
226,服装与服饰设计,专科（高职）,艺术设计类,开设院校,20919,ISFP,艺术型
227,医学实验技术,本科,医学技术类,开设院校,20917,ESFJ/ISFJ,研究型
228,药物化学,本科,药学类,开设院校,20916,INTJ/ISFJ,研究型
229,汽车检测与维修技术,专科（高职）,汽车制造类,开设院校,20908,ISTP,
230,移动应用开发,专科（高职）,计算机类,开设院校,20897,INTP/INTJ,研究型
231,电子封装技术,本科,电子信息类,开设院校,20895,ISTP/INTP,
232,森林保护,本科,林学类,开设院校,20892,ISFJ,现实型
233,食品营养与检测,专科（高职）,食品工业类,开设院校,20888,ESFJ/ESTP,研究型
234,交通设备与控制工程,本科,交通运输类,开设院校,20887,ISTJ/ISTP/INTP,
235,智能控制技术,专科（高职）,自动化类,开设院校,20886,ISTP,
236,软件与信息服务,专科（高职）,计算机类,开设院校,20883,INTP/INTJ,研究型
237,无人机应用技术,专科（高职）,航空装备类,开设院校,20882,ISTP/INTP,
238,法律事务,专科（高职）,法律实务类,开设院校,20882,INTJ/ESTP,社会型
239,计算机系统与维护,专科（高职）,计算机类,开设院校,20881,INTP/INTJ,研究型
240,卫生检验与检疫,本科,医学技术类,开设院校,20880,ESFJ/ISFJ,研究型
241,服装设计与工艺,专科（高职）,纺织服装类,开设院校,20880,ISTP/ESFP,
242,水声工程,本科,电子信息类,开设院校,20880,ISTP/INTP,
244,卫生监督,本科,公共卫生与预防医学类,开设院校,20877,ISFJ/ISFP,管理型
243,审计,专科（高职）,财务会计类,开设院校,20877,ISTJ,常规型
246,互联网金融,专科（高职）,金融类,开设院校,20876,ISTJ/INTP,研究型
247,广播影视节目制作,专科（高职）,广播影视类,开设院校,20876,INFJ/ISFP/ESFP,艺术型
245,宠物养护与驯导,专科（高职）,畜牧业类,开设院校,20876,INTJ/ESFJ,研究型
248,城市轨道交通车辆技术,专科（高职）,城市轨道交通类,开设院校,20875,INTP,现实型
249,现代农业技术,专科（高职）,农业类,开设院校,20872,INTJ/ISTP/ESFP,现实型、研究型
250,国内安全保卫,本科,公安学类,开设院校,20868,ESTP/ISFJ,现实型
251,医学美容技术,专科（高职）,医学技术类,开设院校,20867,ESFJ/ISFJ,研究型
253,铁道信号自动控制,专科（高职）,铁道运输类,开设院校,20865,ISTP,
254,铁路物流管理,专科（高职）,铁道运输类,开设院校,20865,ISTP,
252,水文与水资源工程,专科（高职）,水文水资源类,开设院校,20865,ESFJ/ISTJ,现实型
255,海洋工程与技术,本科,海洋工程类,开设院校,20863,INTJ/ISTJ/ESFJ/ENFP,研究型、现实型
256,传播与策划,专科（高职）,广播影视类,开设院校,20862,INFJ/ISFP/ESFP,艺术型
257,环境监测与控制技术,专科（高职）,环境保护类,开设院校,20861,INTJ/ENTJ,研究型、现实型
258,公共艺术,本科,设计学类,开设院校,20853,ISFJ/ISFP,艺术型
259,药物分析,本科,药学类,开设院校,20851,INTJ/ISFJ,研究型
260,休闲农业,专科（高职）,农业类,开设院校,20845,INTJ/ISTP/ESFP,现实型、研究型
261,宝玉石鉴定与加工,专科（高职）,资源勘查类,开设院校,20844,ISTP,
262,建筑动画与模型制作,专科（高职）,建筑设计类,开设院校,20840,INTP/ISFP,现实型
263,海洋资源开发技术,本科,海洋工程类,开设院校,20840,INTJ/ISTJ/ESFJ/ENFP,研究型、现实型
265,资源循环科学与工程,本科,化工与制药类,开设院校,20839,INTJ,研究型
264,导航工程,本科,测绘类,开设院校,20839,ISTJ/INTJ,研究型
266,铁道通信与信息化技术,专科（高职）,铁道运输类,开设院校,20837,ISTP,
267,道路桥梁工程技术,专科（高职）,道路运输类,开设院校,20836,ISTJ/ISTP/INTP,
268,质量管理工程,本科,工业工程类,开设院校,20832,ISTJ/INTP,研究型
270,游戏设计,专科（高职）,艺术设计类,开设院校,20830,ISFP,艺术型
269,装甲车辆工程,本科,兵器类,开设院校,20830,ISTP/INTP,
271,风力发电工程技术,专科（高职）,新能源发电工程类,开设院校,20824,INTJ/ISTP/INTP/ENTJ,研究型
272,飞行器适航技术,本科,航空航天类,开设院校,20824,ISTP/INTP,
273,高速铁道工程技术,专科（高职）,铁道运输类,开设院校,20823,ISTP,
275,中药制药,本科,中药学类,开设院校,20821,ISFJ/ESFJ,研究型
274,全球健康学,本科,公共卫生与预防医学类,开设院校,20821,ISFJ/ISFP,研究型
276,铁道供电技术,专科（高职）,铁道运输类,开设院校,20819,ISTP,
277,智能交通技术运用,专科（高职）,道路运输类,开设院校,20816,ISTJ/ISTP/INTP,
278,水利水电工程技术,专科（高职）,水利工程与管理类,开设院校,20813,ISTJ/ISTP/ESFJ,研究型、管理型
279,食品营养与卫生,专科（高职）,食品工业类,开设院校,20811,ESFJ/ESTP,研究型
280,武器发射工程,本科,兵器类,开设院校,20808,ISTP/INTP,
281,健康管理,专科（高职）,健康管理与促进类,开设院校,20805,ESFJ/ISFJ,研究型
283,船舶电子电气工程,本科,交通运输类,开设院校,20800,ISTJ/ISTP/INTP,
284,环保设备工程,本科,环境科学与工程类,开设院校,20800,INTJ/ENTJ,研究型、现实型
282,烹调工艺与营养,专科（高职）,餐饮类,开设院校,20800,ESTP/ESFP,研究型
285,嵌入式技术与应用,专科（高职）,计算机类,开设院校,20799,INTP/INTJ,研究型
286,特种能源技术与工程,本科,兵器类,开设院校,20796,ISTP/INTP,
287,建筑智能化工程技术,专科（高职）,建筑设备类,开设院校,20795,ISTP/INTP/INTJ,
288,地下与隧道工程技术,专科（高职）,土建施工类,开设院校,20794,ISTJ/INTP,研究型
290,产品艺术设计,专科（高职）,艺术设计类,开设院校,20793,ISFP,艺术型
289,动车组检修技术,专科（高职）,铁道运输类,开设院校,20793,ISTP,
291,标准化工程,本科,工业工程类,开设院校,20792,ISTJ/INTP,研究型
292,药品生产技术,专科（高职）,药品制造类,开设院校,20791,INTJ/ISFJ,研究型
293,生态农业技术,专科（高职）,农业类,开设院校,20788,INTJ/ISTP/ESFP,现实型、研究型
294,光电技术应用,专科（高职）,电子信息类,开设院校,20786,ISTP/INTP,
295,城市轨道交通通信信号技术,专科（高职）,城市轨道交通类,开设院校,20779,INTP,现实型
296,摄影与摄像艺术,专科（高职）,艺术设计类,开设院校,20776,ISFP,艺术型
297,媒体营销,专科（高职）,广播影视类,开设院校,20776,INFJ/ISFP/ESFP,艺术型
298,声像工程技术,专科（高职）,电子信息类,开设院校,20775,ISTP/INTP,
299,中医康复技术,专科（高职）,康复治疗类,开设院校,20774,ESTJ/ISFJ,研究型
300,农业生物技术,专科（高职）,生物技术类,开设院校,20773,INTJ,研究型
301,地理国情监测,本科,测绘类,开设院校,20773,ISTJ/INTJ,研究型
303,工艺美术品设计,专科（高职）,艺术设计类,开设院校,20771,ISFP,艺术型
302,化妆品技术,专科（高职）,轻化工类,开设院校,20771,ISTP,
304,电子电路设计与工艺,专科（高职）,电子信息类,开设院校,20770,ISTP/INTP,
305,电波传播与天线,本科,电子信息类,开设院校,20770,ISTP/INTP,
306,网络舆情监测,专科（高职）,公共管理类,开设院校,20769,ENTJ/ISFJ,管理型
307,农业电气化,本科,农业工程类,开设院校,20768,ISTJ/INTJ/ISTP/INTP,研究型
308,电子制造技术与设备,专科（高职）,电子信息类,开设院校,20768,ISTP/INTP,
309,铁道机械化维修技术,专科（高职）,铁道运输类,开设院校,20767,ISTP,
310,智能监控技术应用,专科（高职）,电子信息类,开设院校,20766,ISTP/INTP,
312,统计与会计核算,专科（高职）,统计类,开设院校,20764,INTJ,研究型
313,海洋油气工程,本科,矿业类,开设院校,20764,INTJ/ISTJ,研究型
311,安全技术与管理,专科（高职）,安全类,开设院校,20764,ISFJ/ESTP,管理型、社会型
314,高分子合成技术,专科（高职）,化工技术类,开设院校,20763,INTJ/ENTJ,研究型、现实型
316,采购管理,本科,物流管理与工程类,开设院校,20762,ESTP,管理型
315,辐射防护与核安全,本科,核工程类,开设院校,20762,INTJ/ISTP,研究型
317,会计信息管理,专科（高职）,财务会计类,开设院校,20760,ISTJ,管理型
318,数字媒体设备管理,专科（高职）,新闻出版类,开设院校,20759,ESFP/ENFP,艺术型
319,心理健康教育,专科（高职）,教育类,开设院校,20759,ENFP/ENFJ,社会型
320,食品检测技术,专科（高职）,食品工业类,开设院校,20757,ESFJ/ESTP,研究型
321,乳品工程,本科,食品科学与工程类,开设院校,20756,ESFJ/ESTP,研究型
322,城市轨道交通机电技术,专科（高职）,城市轨道交通类,开设院校,20756,INTP,现实型
323,中国画,本科,美术学类,开设院校,20755,INTJ/INFP,艺术型
324,听力与言语康复学,本科,医学技术类,开设院校,20754,ESFJ/ISFJ,研究型
325,设施农业与装备,专科（高职）,农业类,开设院校,20753,INTJ/ISTP/ESFP,现实型、研究型
326,绿色食品生产与检验,专科（高职）,农业类,开设院校,20753,INTJ/ISTP/ESFP,现实型、研究型
327,农村经营管理,专科（高职）,农业类,开设院校,20753,INTJ/ISTP/ESFP/ESTP,研究型、管理型
329,飞机机电设备维修,专科（高职）,航空运输类,开设院校,20753,ISTP/INTP,
328,汽车运用与维修技术,专科（高职）,道路运输类,开设院校,20753,ISTJ/ISTP/INTP,
330,数字展示技术,专科（高职）,计算机类,开设院校,20751,INTP/INTJ,研究型
331,飞行器质量与可靠性,本科,航空航天类,开设院校,20751,ISTP/INTP,
332,电力系统继电保护与自动化技术,专科（高职）,电力技术类,开设院校,20750,ISTP/INTJ,
333,药品质量与安全,专科（高职）,药品制造类,开设院校,20749,INTJ/ISFJ,研究型
334,婚庆服务与管理,专科（高职）,公共服务类,开设院校,20749,ESFJ,管理型
335,高分子材料工程技术,专科（高职）,非金属材料类,开设院校,20747,ISTP,
336,城市信息化管理,专科（高职）,城乡规划与管理类,开设院校,20747,ISFP/ISFJ/ISTJ,管理型、研究型
337,化妆品经营与管理,专科（高职）,食品药品管理类,开设院校,20746,ESFJ/ESTP,研究型
338,戏剧影视表演,专科（高职）,表演艺术类,开设院校,20744,INTJ/INFP/ENFP,艺术型
339,环境地质工程,专科（高职）,地质类,开设院校,20743,INTJ/ISTJ/INTP,研究型
340,营养配餐,专科（高职）,餐饮类,开设院校,20743,ESTP/ESFP,研究型
342,休闲体育,专科（高职）,体育类,开设院校,20742,ISTP,
341,休闲服务与管理,专科（高职）,旅游类,开设院校,20742,ESFP/ISFP/ISFJ,管理型
343,铁路桥梁与隧道工程技术,专科（高职）,铁道运输类,开设院校,20741,ISTP,
344,新能源汽车运用与维修,专科（高职）,道路运输类,开设院校,20739,ISTJ/ISTP/INTP,
345,出版商务,专科（高职）,新闻出版类,开设院校,20737,ESFP/ENFP,艺术型
346,烟草栽培与加工,专科（高职）,农业类,开设院校,20736,INTJ/ISTP/ESFP,现实型、研究型
347,影视制片管理,专科（高职）,广播影视类,开设院校,20736,INFJ/ISFP/ESFP,艺术型
348,信息统计与分析,专科（高职）,统计类,开设院校,20734,INTJ,研究型
350,文物修复与保护,专科（高职）,文化服务类,开设院校,20733,INFP/ESFJ,研究型
349,预防医学,专科（高职）,公共卫生与卫生管理类,开设院校,20733,ISFJ/ISFP,研究型
352,光通信技术,专科（高职）,通信类,开设院校,20727,INTP/ENTJ,研究型
351,建设工程监理,专科（高职）,建设工程管理类,开设院校,20727,ENTJ/INTP/ISTJ,管理型
353,铁道机车车辆制造与维护,专科（高职）,铁道装备类,开设院校,20726,ISTP,
354,焊接技术与自动化,专科（高职）,机械设计制造类,开设院校,20725,ISTP,
355,特种加工技术,专科（高职）,机械设计制造类,开设院校,20723,ISTP,
356,生物产品检验检疫,专科（高职）,生物技术类,开设院校,20722,INTJ,研究型
357,光伏工程技术,专科（高职）,电子信息类,开设院校,20721,ISTP/INTP,
358,房地产经营与管理,专科（高职）,房地产类,开设院校,20719,INTJ/ESTJ,管理型
359,中西面点工艺,专科（高职）,餐饮类,开设院校,20719,ESTP/ESFP,研究型
360,村镇建设与管理,专科（高职）,城乡规划与管理类,开设院校,20718,ISFP/ISFJ/ISTJ,管理型、研究型
361,中医养生保健,专科（高职）,健康管理与促进类,开设院校,20717,ESFJ/ISFJ,研究型
362,植物保护与检疫技术,专科（高职）,农业类,开设院校,20716,INTJ/ISTP/ESFP,现实型、研究型
363,网络营销,专科（高职）,电子商务类,开设院校,20716,ENTJ,常规型
364,餐饮管理,专科（高职）,餐饮类,开设院校,20716,ESTP/ESFP,管理型
365,精细化工技术,专科（高职）,化工技术类,开设院校,20715,INTJ/ENTJ,研究型、现实型
366,海洋化工技术,专科（高职）,化工技术类,开设院校,20715,INTJ/ENTJ,研究型、现实型
367,电子产品营销与服务,专科（高职）,电子信息类,开设院校,20715,ISTP/INTP,
368,机械装备制造技术,专科（高职）,机械设计制造类,开设院校,20714,ISTP,
369,哈医学,本科,中医学类,开设院校,20713,ESFJ/ISFJ,研究型
371,首饰设计与工艺,专科（高职）,艺术设计类,开设院校,20712,ISFP,艺术型
372,数字出版,专科（高职）,新闻出版类,开设院校,20712,ESFP/ENFP,艺术型
370,保险,专科（高职）,金融类,开设院校,20712,ISTJ/INTP,研究型
373,光伏发电技术与应用,专科（高职）,新能源发电工程类,开设院校,20711,INTJ/ISTP/INTP/ENTJ,研究型
374,道路运输与路政管理,专科（高职）,道路运输类,开设院校,20710,ISTJ/ISTP/INTP,
376,文化创意与策划,专科（高职）,文化服务类,开设院校,20709,INFP/ESFJ,研究型
377,电信服务与管理,专科（高职）,通信类,开设院校,20709,INTP/ENTJ,常规型、管理型
375,医疗设备应用技术,专科（高职）,健康管理与促进类,开设院校,20709,ESFJ/ISFJ,研究型
378,茶树栽培与茶叶加工,专科（高职）,农业类,开设院校,20708,INTJ/ISTP/ESFP,现实型、研究型
380,通信工程设计与监理,专科（高职）,通信类,开设院校,20707,INTP/ENTJ,研究型
379,国际邮轮乘务管理,专科（高职）,水上运输类,开设院校,20707,ESFJ,管理型
381,工程机械运用技术,专科（高职）,道路运输类,开设院校,20706,ISTJ/ISTP/INTP,
382,救助与打捞工程,本科,交通运输类,开设院校,20705,ISTJ/ISTP/INTP,
383,地质调查与矿产普查,专科（高职）,资源勘查类,开设院校,20704,ISTP,
384,环境信息技术,专科（高职）,环境保护类,开设院校,20704,INTJ/ENTJ,研究型、现实型
385,工业分析技术,专科（高职）,化工技术类,开设院校,20704,INTJ/ENTJ,研究型、现实型
386,污染修复与生态工程技术,专科（高职）,环境保护类,开设院校,20702,INTJ/ENTJ,研究型、现实型
387,生物质能应用技术,专科（高职）,新能源发电工程类,开设院校,20701,INTJ/ISTP/INTP/ENTJ,研究型
388,工业工程技术,专科（高职）,机械设计制造类,开设院校,20701,ISTP,
389,机场运行,专科（高职）,航空运输类,开设院校,20701,ISTP/INTP,
390,光电显示技术,专科（高职）,电子信息类,开设院校,20701,ISTP/INTP,
392,知识产权管理,专科（高职）,公共管理类,开设院校,20700,ENTJ/ISFJ,管理型
391,现代流行音乐,专科（高职）,表演艺术类,开设院校,20700,INTJ/INFP/ENFP,艺术型
393,壮医学,本科,中医学类,开设院校,20699,ESFJ/ISFJ,研究型
396,美容美体艺术,专科（高职）,艺术设计类,开设院校,20699,ISFP,艺术型
395,哈医学,专科（高职）,临床医学类,开设院校,20699,INTJ/ISFJ/ESFJ,研究型
394,动物药学,专科（高职）,畜牧业类,开设院校,20699,INTJ/ESFJ,研究型
398,数字图文信息技术,专科（高职）,印刷类,开设院校,20698,ISTP,
397,测绘地理信息技术,专科（高职）,测绘地理信息类,开设院校,20698,ISTJ/INTJ,研究型
399,建筑钢结构工程技术,专科（高职）,土建施工类,开设院校,20697,ISTJ/INTP,研究型
400,飞行器制造技术,专科（高职）,航空装备类,开设院校,20696,ISTP/INTP,
401,民航通信技术,专科（高职）,航空运输类,开设院校,20695,ISTP/INTP,
402,石油化工技术,专科（高职）,化工技术类,开设院校,20693,INTJ/ENTJ,研究型、现实型
404,质量管理与认证,专科（高职）,公共管理类,开设院校,20693,ENTJ/ISFJ,管理型
403,移动商务,专科（高职）,电子商务类,开设院校,20693,ENTJ,常规型
408,展示艺术设计,专科（高职）,艺术设计类,开设院校,20692,ISFP,艺术型
407,广告策划与营销,专科（高职）,市场营销类,开设院校,20692,ESFP/ESTP,管理型
406,新能源装备技术,专科（高职）,机电设备类,开设院校,20692,ISTP/INTJ,
405,水电站机电设备与自动化,专科（高职）,电力技术类,开设院校,20692,ISTP/INTJ,
409,核电站动力设备运行与维护,专科（高职）,热能与发电工程类,开设院校,20690,ISTP/INTJ,
410,影视美术,专科（高职）,广播影视类,开设院校,20690,INFJ/ISFP/ESFP,艺术型
411,电机与电器技术,专科（高职）,机械设计制造类,开设院校,20688,ISTP,
412,政府采购管理,专科（高职）,财政税务类,开设院校,20688,INTJ,研究型
413,铁道通信信号设备制造与维护,专科（高职）,铁道装备类,开设院校,20687,ISTP,
414,汽车营销与服务,专科（高职）,市场营销类,开设院校,20687,ESFP/ESTP,管理型
415,安全健康与环保,专科（高职）,安全类,开设院校,20686,ISFJ/ESTP,管理型、社会型
417,水环境监测与治理,专科（高职）,水土保持与水环境类,开设院校,20685,ESFJ/ISTJ,现实型
416,农产品加工与质量检测,专科（高职）,农业类,开设院校,20685,INTJ/ISTP/ESFP,现实型、研究型
419,老年保健与管理,专科（高职）,健康管理与促进类,开设院校,20684,ESFJ/ISFJ,研究型
418,化工自动化技术,专科（高职）,化工技术类,开设院校,20684,INTJ/ENTJ,研究型、现实型
420,家具艺术设计,专科（高职）,艺术设计类,开设院校,20683,ISFP,艺术型
421,水电站与电力网,专科（高职）,电力技术类,开设院校,20682,ISTP/INTJ,
425,快递运营管理,专科（高职）,邮政类,开设院校,20681,ESFP/ISTP,管理型
424,中药生产与加工,专科（高职）,药品制造类,开设院校,20681,INTJ/ISFJ,研究型
423,包装策划与设计,专科（高职）,包装类,开设院校,20681,ISTP,
422,职业卫生技术与管理,专科（高职）,安全类,开设院校,20681,ISFJ/ESTP,管理型、社会型
428,航空物流,专科（高职）,航空运输类,开设院校,20680,ISTP/INTP,
429,录音技术与艺术,专科（高职）,广播影视类,开设院校,20680,INFJ/ISFP/ESFP,艺术型
427,电力客户服务与管理,专科（高职）,电力技术类,开设院校,20680,ISTP/INTJ,
426,动物医学检验技术,专科（高职）,畜牧业类,开设院校,20680,INTJ/ESFJ,研究型
430,矿产地质与勘查,专科（高职）,资源勘查类,开设院校,20679,ISTP,
433,运动防护,专科（高职）,体育类,开设院校,20679,ISTP,
432,信用管理,专科（高职）,金融类,开设院校,20679,ISTJ/INTP,研究型、管理型
431,建设项目信息化管理,专科（高职）,建设工程管理类,开设院校,20679,ENTJ/INTP/ISTJ,管理型
434,家政服务与管理,专科（高职）,公共服务类,开设院校,20679,ESFJ,管理型
435,公共艺术设计,专科（高职）,艺术设计类,开设院校,20678,ISFP,艺术型
436,抢险救援指挥与技术,本科,公安技术类,开设院校,20678,ISFJ/INTP/ESTP,管理型
438,工业节能技术,专科（高职）,新能源发电工程类,开设院校,20677,INTJ/ISTP/INTP/ENTJ,研究型
439,体育运营与管理,专科（高职）,体育类,开设院校,20677,ISTP,
440,检察事务,专科（高职）,法律实务类,开设院校,20677,INTJ/ESTP,社会型
437,地籍测绘与土地管理,专科（高职）,测绘地理信息类,开设院校,20677,ISTJ/INTJ,研究型
441,飞机电子设备维修,专科（高职）,航空运输类,开设院校,20676,ISTP/INTP,
443,包装艺术设计,专科（高职）,艺术设计类,开设院校,20675,ISFP,艺术型
442,环境评价与咨询服务,专科（高职）,环境保护类,开设院校,20675,INTJ/ENTJ,研究型、现实型
446,物流信息技术,专科（高职）,物流类,开设院校,20674,ESTP,管理型
444,直升机驾驶技术,专科（高职）,航空运输类,开设院校,20674,ISTP/INTP,
445,民航空中安全保卫,专科（高职）,航空运输类,开设院校,20674,ISTP/INTP,
447,太阳能光热技术与应用,专科（高职）,新能源发电工程类,开设院校,20673,INTJ/ISTP/INTP/ENTJ,研究型
448,农村金融,专科（高职）,金融类,开设院校,20673,ISTJ/INTP,研究型
449,工业过程自动化技术,专科（高职）,自动化类,开设院校,20672,ISTP,
451,医疗器械维护与管理,专科（高职）,健康管理与促进类,开设院校,20672,ESFJ/ISFJ,研究型
450,汽车车身维修技术,专科（高职）,道路运输类,开设院校,20672,ISTJ/ISTP/INTP,
452,野生动物资源保护与利用,专科（高职）,林业类,开设院校,20670,ISTJ/ISFJ,现实型
453,工程安全评价与监理,专科（高职）,安全类,开设院校,20670,ISFJ/ESTP,管理型、社会型
454,农业装备应用技术,专科（高职）,农业类,开设院校,20669,INTJ/ISTP/ESFP,现实型、研究型
457,通信指挥,专科（高职）,公安指挥类,开设院校,20669,ESTP/ISFJ,现实型
456,市场管理与服务,专科（高职）,工商管理类,开设院校,20669,ISFJ/ISTP/ESFJ,管理型
455,道路养护与管理,专科（高职）,道路运输类,开设院校,20669,ISTJ/ISTP/INTP,
458,制药设备应用技术,专科（高职）,药品制造类,开设院校,20668,INTJ/ISFJ,研究型
459,考古探掘技术,专科（高职）,文化服务类,开设院校,20668,INFP/ESFJ,研究型
465,国内安全保卫,专科（高职）,侦查类,开设院校,20667,INTJ/ESTP/ENTJ,社会型
462,印刷媒体技术,专科（高职）,印刷类,开设院校,20667,ISTP,
463,放射治疗技术,专科（高职）,医学技术类,开设院校,20667,ESFJ/ISFJ,研究型
464,精密医疗器械技术,专科（高职）,健康管理与促进类,开设院校,20667,ESFJ/ISFJ,研究型
460,室内环境检测与控制技术,专科（高职）,环境保护类,开设院校,20667,INTJ/ENTJ,研究型、现实型
461,复合材料工程技术,专科（高职）,非金属材料类,开设院校,20667,ISTP,
469,雕刻艺术设计,专科（高职）,艺术设计类,开设院校,20666,ISFP,艺术型
467,农村环境保护,专科（高职）,环境保护类,开设院校,20666,INTJ/ENTJ,研究型、现实型
468,资源综合利用与管理技术,专科（高职）,环境保护类,开设院校,20666,INTJ/ENTJ,研究型、现实型
466,地球物理勘探技术,专科（高职）,地质类,开设院校,20666,INTJ/ISTJ/INTP,研究型
471,文化市场经营管理,专科（高职）,文化服务类,开设院校,20665,INFP/ESFJ,管理型
472,体育保健与康复,专科（高职）,体育类,开设院校,20665,ISTP,
473,健身指导与管理,专科（高职）,体育类,开设院校,20665,ISTP,
470,城市轨道交通供配电技术,专科（高职）,城市轨道交通类,开设院校,20665,INTP,现实型
474,房地产检测与估价,专科（高职）,房地产类,开设院校,20664,INTJ/ESTJ,管理型
475,舞蹈编导,专科（高职）,表演艺术类,开设院校,20664,INTJ/INFP/ENFP,艺术型
476,清洁生产与减排技术,专科（高职）,环境保护类,开设院校,20663,INTJ/ENTJ,研究型、现实型
477,黑色冶金技术,专科（高职）,黑色金属材料类,开设院校,20663,INTP/ISTP,研究型
478,野生植物资源保护与利用,专科（高职）,林业类,开设院校,20662,ISTJ/ISFJ,现实型
479,铸造技术,专科（高职）,机械设计制造类,开设院校,20662,ISTP,
480,飞行器维修技术,专科（高职）,航空装备类,开设院校,20662,ISTP/INTP,
481,定翼机驾驶技术,专科（高职）,航空运输类,开设院校,20662,ISTP/INTP,
483,陶瓷设计与工艺,专科（高职）,艺术设计类,开设院校,20661,ISFP,艺术型
482,物流工程技术,专科（高职）,物流类,开设院校,20661,ESTP,管理型
484,文物博物馆服务与管理,专科（高职）,文化服务类,开设院校,20660,INFP/ESFJ,管理型
486,电厂热工自动化技术,专科（高职）,热能与发电工程类,开设院校,20659,ISTP/INTJ,
485,森林防火指挥与通讯,专科（高职）,林业类,开设院校,20659,ISTJ/ISFJ,现实型
487,理化测试与质检技术,专科（高职）,机械设计制造类,开设院校,20659,ISTP,
488,服装陈列与展示设计,专科（高职）,纺织服装类,开设院校,20659,ISTP/ESFP,
491,文秘速录,专科（高职）,文秘类,开设院校,20658,ESFJ/ISFJ,研究型
489,交通枢纽运营管理,专科（高职）,道路运输类,开设院校,20658,ISTJ/ISTP/INTP,
490,音乐剧表演,专科（高职）,表演艺术类,开设院校,20658,INTJ/INFP/ENFP,艺术型
493,电梯工程技术,专科（高职）,自动化类,开设院校,20657,ISTP,
494,邮政通信管理,专科（高职）,邮政类,开设院校,20657,ESFP/ISTP,管理型
495,戒毒矫治技术,专科（高职）,司法技术类,开设院校,20657,ESTP/INTJ,现实型、社会型
492,安全生产监测监控,专科（高职）,安全类,开设院校,20657,ISFJ/ESTP,管理型、社会型
499,公共文化服务与管理,专科（高职）,文化服务类,开设院校,20656,INFP/ESFJ,管理型
496,水文测报技术,专科（高职）,水文水资源类,开设院校,20656,ESFJ/ISTJ,现实型
497,水电站动力设备,专科（高职）,水利水电设备类,开设院校,20656,ESFJ/ISTJ,现实型
498,石油炼制技术,专科（高职）,化工技术类,开设院校,20656,INTJ/ENTJ,研究型、现实型
501,物流金融管理,专科（高职）,物流类,开设院校,20655,ESTP,管理型
500,信托与租赁,专科（高职）,金融类,开设院校,20655,ISTJ/INTP,研究型
502,影视照明技术与艺术,专科（高职）,广播影视类,开设院校,20655,INFJ/ISFP/ESFP,艺术型
507,应用外语,专科（高职）,语言类,开设院校,20654,ESTP/ESFP,艺术型
506,刺绣设计与工艺,专科（高职）,艺术设计类,开设院校,20654,ISFP,艺术型
504,风电系统运行与维护,专科（高职）,新能源发电工程类,开设院校,20654,INTJ/ISTP/INTP/ENTJ,研究型
505,机电设备安装技术,专科（高职）,机电设备类,开设院校,20654,ISTP/INTJ,
503,电源变换技术与应用,专科（高职）,电力技术类,开设院校,20654,ISTP/INTJ,
509,岩矿分析与鉴定,专科（高职）,资源勘查类,开设院校,20653,ISTP,
508,海洋渔业技术,专科（高职）,渔业类,开设院校,20653,INTJ/ISTJ/ESFJ/ENFP,研究型、现实型
512,水路运输与海事管理,专科（高职）,水上运输类,开设院校,20653,ESFJ,管理型
511,药品服务与管理,专科（高职）,食品药品管理类,开设院校,20653,ESFJ/ESTP,研究型
510,导航与位置服务,专科（高职）,测绘地理信息类,开设院校,20653,ISTJ/INTJ,研究型
515,化工装备技术,专科（高职）,化工技术类,开设院校,20652,INTJ/ENTJ,研究型、现实型
514,航空发动机制造技术,专科（高职）,航空装备类,开设院校,20652,ISTP/INTP,
513,畜牧工程技术,专科（高职）,畜牧业类,开设院校,20652,INTJ/ESFJ,研究型
517,歌舞表演,专科（高职）,表演艺术类,开设院校,20652,INTJ/INFP/ENFP,艺术型
516,包装工程技术,专科（高职）,包装类,开设院校,20652,ISTP,
519,港口物流管理,专科（高职）,水上运输类,开设院校,20651,ESFJ,管理型
520,康复工程技术,专科（高职）,健康管理与促进类,开设院校,20651,ESFJ/ISFJ,研究型
518,建筑装饰材料技术,专科（高职）,建筑材料类,开设院校,20651,ISTP/INTP/ENTJ,
525,采购与供应管理,专科（高职）,物流类,开设院校,20650,ESTP,管理型
523,船舶电子电气技术,专科（高职）,水上运输类,开设院校,20650,ISTP,
524,茶艺与茶叶营销,专科（高职）,市场营销类,开设院校,20650,ESFP/ESTP,管理型
521,农业电气化技术,专科（高职）,电力技术类,开设院校,20650,ISTP/INTJ,
522,分布式发电与微电网技术,专科（高职）,电力技术类,开设院校,20650,ISTP/INTJ,
526,音乐制作,专科（高职）,表演艺术类,开设院校,20650,INTJ/INFP/ENFP,艺术型
534,工程物流管理,专科（高职）,物流类,开设院校,20649,ESTP,管理型
531,环境卫生工程技术,专科（高职）,市政工程类,开设院校,20649,ISTJ/ISTP/INTP,
527,棉花加工与经营管理,专科（高职）,农业类,开设院校,20649,INTJ/ISTP/ESFP,现实型、研究型
528,农资营销与服务,专科（高职）,农业类,开设院校,20649,INTJ/ISTP/ESFP,现实型、研究型
530,新型建筑材料技术,专科（高职）,建筑材料类,开设院校,20649,ISTP/INTP/ENTJ,
532,机械产品检测检验技术,专科（高职）,机械设计制造类,开设院校,20649,ISTP,
533,航空发动机维修技术,专科（高职）,航空装备类,开设院校,20649,ISTP/INTP,
529,畜牧业经济管理,专科（高职）,畜牧业类,开设院校,20649,INTJ/ESFJ,研究型
539,职务犯罪预防与控制,专科（高职）,司法技术类,开设院校,20648,ESTP/INTJ,现实型、社会型
535,农产品流通与管理,专科（高职）,农业类,开设院校,20648,INTJ/ISTP/ESFP,现实型、研究型
538,建筑材料生产与管理,专科（高职）,建筑材料类,开设院校,20648,ISTP/INTP/ENTJ,
536,国土测绘与规划,专科（高职）,测绘地理信息类,开设院校,20648,ISTJ/INTJ,研究型
537,化工安全技术,专科（高职）,安全类,开设院校,20648,ISFJ/ESTP,管理型、社会型
543,玉器设计与工艺,专科（高职）,艺术设计类,开设院校,20647,ISFP,艺术型
540,电厂化学与环保技术,专科（高职）,热能与发电工程类,开设院校,20647,ISTP/INTJ,
542,言语听觉康复技术,专科（高职）,康复治疗类,开设院校,20647,ESTJ/ISFJ,研究型
541,通用航空航务技术,专科（高职）,航空运输类,开设院校,20647,ISTP/INTP,
544,国际标准舞,专科（高职）,表演艺术类,开设院校,20646,INTJ/INFP/ENFP,艺术型
547,印刷媒体设计与制作,专科（高职）,印刷类,开设院校,20645,ISTP,
548,数字印刷技术,专科（高职）,印刷类,开设院校,20645,ISTP,
552,皮具艺术设计,专科（高职）,艺术设计类,开设院校,20645,ISFP,艺术型
550,藏药学,专科（高职）,药学类,开设院校,20645,INTJ/ISFJ,研究型
551,生殖健康服务与管理,专科（高职）,人口与计划生育类,开设院校,20645,ISFJ,现实型
546,乐器制造与维护,专科（高职）,轻化工类,开设院校,20645,ISTP,
549,飞机部件修理,专科（高职）,航空运输类,开设院校,20645,ISTP/INTP,
545,草业技术,专科（高职）,畜牧业类,开设院校,20645,INTJ/ESFJ,研究型
553,钢琴伴奏,专科（高职）,表演艺术类,开设院校,20645,INTJ/INFP/ENFP,艺术型
554,舞台艺术设计与制作,专科（高职）,表演艺术类,开设院校,20645,INTJ/INFP/ENFP,艺术型
556,有色冶金技术,专科（高职）,有色金属材料类,开设院校,20644,INTJ/INTP,研究型
557,铁道施工和养路机械制造与维护,专科（高职）,铁道装备类,开设院校,20644,ISTP,
559,机场场务技术与管理,专科（高职）,航空运输类,开设院校,20644,ISTP/INTP,
555,地质灾害调查与防治,专科（高职）,地质类,开设院校,20644,INTJ/ISTJ/INTP,研究型
558,船舶机械工程技术,专科（高职）,船舶与海洋工程装备类,开设院校,20644,ISTJ/ISTP,现实型、管理型
560,林业信息技术与管理,专科（高职）,林业类,开设院校,20643,ISTJ/ISFJ,现实型、管理型
561,飞机机载设备维修技术,专科（高职）,航空装备类,开设院校,20643,ISTP/INTP,
562,水生动物医学,专科（高职）,渔业类,开设院校,20642,INTJ/ISTJ/ESFJ/ENFP,研究型、现实型
567,印刷设备应用技术,专科（高职）,印刷类,开设院校,20642,ISTP,
565,水电站运行与管理,专科（高职）,水利水电设备类,开设院校,20642,ESFJ/ISTJ,现实型
569,傣医学,专科（高职）,临床医学类,开设院校,20642,INTJ/ISFJ/ESFJ,研究型
566,光电制造与应用技术,专科（高职）,机电设备类,开设院校,20642,ISTP/INTJ,
564,核与辐射检测防护技术,专科（高职）,环境保护类,开设院校,20642,INTJ/ENTJ,研究型、现实型
568,航空地面设备维修,专科（高职）,航空运输类,开设院校,20642,ISTP/INTP,
563,测绘与地质工程技术,专科（高职）,测绘地理信息类,开设院校,20642,ISTJ/INTJ,研究型
571,节电技术与管理,专科（高职）,新能源发电工程类,开设院校,20641,INTJ/ISTP/INTP/ENTJ,研究型、管理型
572,陶瓷制造工艺,专科（高职）,轻化工类,开设院校,20641,ISTP,
570,地图制图与数字传播技术,专科（高职）,测绘地理信息类,开设院校,20641,ISTJ/INTJ,研究型
573,食品包装技术,专科（高职）,包装类,开设院校,20641,ISTP,
575,渔业经济管理,专科（高职）,渔业类,开设院校,20640,INTJ/ISTJ/ESFJ/ENFP,研究型、现实型
579,高尔夫球运动与管理,专科（高职）,体育类,开设院校,20640,ISTP,
576,水土保持技术,专科（高职）,水土保持与水环境类,开设院校,20640,ESFJ/ISTJ,现实型
574,经济林培育与利用,专科（高职）,林业类,开设院校,20640,ISTJ/ISFJ,现实型
578,国际文化贸易,专科（高职）,经济贸易类,开设院校,20640,ESTJ/ISFJ,现实型
577,烟花爆竹技术与管理,专科（高职）,化工技术类,开设院校,20640,INTJ/ESFJ,研究型
580,水族科学与技术,专科（高职）,渔业类,开设院校,20639,INTJ/ISTJ/ESFJ/ENFP,研究型、现实型
583,港口与航道工程技术,专科（高职）,水上运输类,开设院校,20639,ISTP,
582,粮食工程技术,专科（高职）,粮食工业类,开设院校,20639,ISTP/ESTP,
581,硅材料制备技术,专科（高职）,非金属材料类,开设院校,20639,ISTP,
587,服务外包,专科（高职）,经济贸易类,开设院校,20638,ESTJ/ISFJ,现实型
585,建筑材料检测技术,专科（高职）,建筑材料类,开设院校,20638,ISTP/INTP/ENTJ,
586,通用航空器维修,专科（高职）,航空运输类,开设院校,20638,ISTP/INTP,
584,光伏材料制备技术,专科（高职）,非金属材料类,开设院校,20638,ISTP,
589,工业自动化仪表,专科（高职）,自动化类,开设院校,20637,ISTP,
591,冷链物流技术与管理,专科（高职）,物流类,开设院校,20637,ESTP,管理型
592,体育艺术表演,专科（高职）,体育类,开设院校,20637,ISTP,
590,涂装防护技术,专科（高职）,化工技术类,开设院校,20637,INTJ/ENTJ,研究型、现实型
588,非金属矿物材料技术,专科（高职）,非金属材料类,开设院校,20637,ISTP,
593,品牌代理经营,专科（高职）,工商管理类,开设院校,20636,ISFJ/ISTP/ESFJ,管理型
594,模特与礼仪,专科（高职）,表演艺术类,开设院校,20636,INTJ/INFP/ENFP,艺术型
598,应用泰语,专科（高职）,语言类,开设院校,20635,ESTP/ESFP,艺术型
595,林业调查与信息处理,专科（高职）,林业类,开设院校,20635,ISTJ/ISFJ,现实型、研究型
599,社区矫正,专科（高职）,法律执行类,开设院校,20635,INTJ/ESTP,社会型
597,海洋工程技术,专科（高职）,船舶与海洋工程装备类,开设院校,20635,ISTJ/ISTP,现实型、管理型
596,地理国情监测技术,专科（高职）,测绘地理信息类,开设院校,20635,ISTJ/INTJ,研究型
601,煤化工技术,专科（高职）,化工技术类,开设院校,20634,INTJ/ENTJ,研究型、现实型
600,金属材料质量检测,专科（高职）,黑色金属材料类,开设院校,20634,INTP/ISTP,研究型
602,戏曲导演,专科（高职）,表演艺术类,开设院校,20634,INTJ/INFP/ENFP,艺术型
607,兽药制药技术,专科（高职）,药品制造类,开设院校,20633,INTJ/ISFJ,研究型
605,水电站电气设备,专科（高职）,水利水电设备类,开设院校,20633,ESFJ/ISTJ,现实型
606,水利机电设备运行与管理,专科（高职）,水利水电设备类,开设院校,20633,ESFJ/ISTJ,现实型
604,机电排灌工程技术,专科（高职）,水利工程与管理类,开设院校,20633,ISTJ/ISTP/ESFJ,研究型、管理型
608,飞机结构修理,专科（高职）,航空运输类,开设院校,20633,ISTP/INTP,
603,炭素加工技术,专科（高职）,非金属材料类,开设院校,20633,ISTP,
610,蒙药学,专科（高职）,药学类,开设院校,20632,INTJ/ISFJ,研究型
609,锻压技术,专科（高职）,机械设计制造类,开设院校,20632,ISTP,
612,矿山机电技术,专科（高职）,煤炭类,开设院校,20631,ISTP/INTJ,
613,船舶电气工程技术,专科（高职）,船舶与海洋工程装备类,开设院校,20631,ISTJ/ISTP,现实型、管理型
611,养蜂与蜂产品加工,专科（高职）,畜牧业类,开设院校,20631,INTJ/ESFJ,研究型
615,皮革加工技术,专科（高职）,轻化工类,开设院校,20630,ISTP,
614,建筑材料设备应用,专科（高职）,建筑材料类,开设院校,20630,ISTP/INTP/ENTJ,
616,金属精密成型技术,专科（高职）,有色金属材料类,开设院校,20629,INTJ/INTP,研究型
621,港口机械与自动控制,专科（高职）,水上运输类,开设院校,20629,ISTP,
619,航空材料精密成型技术,专科（高职）,航空装备类,开设院校,20629,ISTP/INTP,
617,橡胶工程技术,专科（高职）,非金属材料类,开设院校,20629,ISTP,
620,汽车运用安全管理,专科（高职）,道路运输类,开设院校,20629,ISTJ/ISTP/INTP,
618,船舶动力工程技术,专科（高职）,船舶与海洋工程装备类,开设院校,20629,ISTJ/ISTP,现实型、管理型
624,汽车造型技术,专科（高职）,汽车制造类,开设院校,20628,ISTP,
623,飞机机载设备制造技术,专科（高职）,航空装备类,开设院校,20628,ISTP/INTP,
622,游艇设计与制造,专科（高职）,船舶与海洋工程装备类,开设院校,20628,ISTJ/ISTP,现实型、管理型
625,皮具制作与工艺,专科（高职）,轻化工类,开设院校,20627,ISTP,
627,假肢与矫形器技术,专科（高职）,健康管理与促进类,开设院校,20627,ESFJ/ISFJ,研究型
626,家用纺织品设计,专科（高职）,纺织服装类,开设院校,20627,ISTP/ESFP,
630,少数民族古籍修复,专科（高职）,民族文化类,开设院校,20626,INTP/INFP,艺术型
628,综合机械化采煤,专科（高职）,煤炭类,开设院校,20626,ISTP/INTJ,
629,曲艺表演,专科（高职）,表演艺术类,开设院校,20626,INTJ/INFP/ENFP,艺术型
634,民族表演艺术,专科（高职）,民族文化类,开设院校,20625,INTP/INFP,艺术型
631,金属与非金属矿开采技术,专科（高职）,金属与非金属矿类,开设院校,20625,INTP/ISTP,研究型
632,轧钢工程技术,专科（高职）,黑色金属材料类,开设院校,20625,INTP/ISTP,研究型
633,钢铁冶金设备应用技术,专科（高职）,黑色金属材料类,开设院校,20625,INTP/ISTP,研究型
635,油气地质勘探技术,专科（高职）,石油与天然气类,开设院校,20624,ESFJ/ESTP,研究型
640,民族美术,专科（高职）,民族文化类,开设院校,20624,INTP/INFP,艺术型
636,矿井通风与安全,专科（高职）,煤炭类,开设院校,20624,ISTP/INTJ,
637,煤化分析与检验,专科（高职）,煤炭类,开设院校,20624,ISTP/INTJ,
639,康复辅助器具技术,专科（高职）,健康管理与促进类,开设院校,20624,ESFJ/ISFJ,研究型
638,铁矿资源综合利用,专科（高职）,黑色金属材料类,开设院校,20624,INTP/ISTP,研究型
641,汽车试验技术,专科（高职）,汽车制造类,开设院校,20623,ISTP,
643,皮革服装制作与工艺,专科（高职）,纺织服装类,开设院校,20623,ISTP/ESFP,
642,包装设备应用技术,专科（高职）,包装类,开设院校,20623,ISTP,
648,民族服装与服饰,专科（高职）,民族文化类,开设院校,20622,INTP/INFP,艺术型
644,矿业装备维护技术,专科（高职）,金属与非金属矿类,开设院校,20622,INTP/ISTP,研究型
647,航空油料,专科（高职）,航空运输类,开设院校,20622,ISTP/INTP,
645,纺织机电技术,专科（高职）,纺织服装类,开设院校,20622,ISTP/ESFP,
646,纺织材料与应用,专科（高职）,纺织服装类,开设院校,20622,ISTP/ESFP,
649,有色冶金设备应用技术,专科（高职）,有色金属材料类,开设院校,20621,INTJ/INTP,研究型
653,人口与家庭发展服务,专科（高职）,人口与计划生育类,开设院校,20621,ISFJ,现实型
654,民族传统技艺,专科（高职）,民族文化类,开设院校,20621,INTP/INFP,艺术型
652,航空发动机装试技术,专科（高职）,航空装备类,开设院校,20621,ISTP/INTP,
650,船舶舾装工程技术,专科（高职）,船舶与海洋工程装备类,开设院校,20621,ISTJ/ISTP,现实型、管理型
651,船舶通信与导航,专科（高职）,船舶与海洋工程装备类,开设院校,20621,ISTJ/ISTP,现实型、管理型
656,港口电气技术,专科（高职）,水上运输类,开设院校,20620,ISTP,
655,煤层气采输技术,专科（高职）,煤炭类,开设院校,20620,ISTP/INTJ,
657,金属压力加工,专科（高职）,有色金属材料类,开设院校,20619,INTJ/INTP,研究型
658,水上救捞技术,专科（高职）,水上运输类,开设院校,20619,ISTP,
659,船舶涂装工程技术,专科（高职）,船舶与海洋工程装备类,开设院校,20617,ISTJ/ISTP,现实型、管理型
660,民族民居装饰,专科（高职）,民族文化类,开设院校,20615,INTP/INFP,艺术型
661,卫生检验与检疫技术,专科（高职）,医学技术类,开设院校,20414,ESFJ/ISFJ,研究型
662,机械电子工程,本科,机械类,开设院校,20205,ISTP,
663,贸易经济,本科,经济与贸易类,开设院校,20024,INTJ/ESTP,社会型
664,预防医学,本科,公共卫生与预防医学类,开设院校,19946,ISFJ/ISFP,研究型
665,警察管理,专科（高职）,公安管理类,开设院校,19799,ESTP/ISFJ,现实型
666,电子商务及法律,本科,电子商务类,开设院校,19511,ENTJ,常规型
667,体育教育,本科,体育学类,开设院校,19281,ISTP,
668,航海技术,专科（高职）,水上运输类,开设院校,19253,ISTP,
669,环境工程技术,专科（高职）,环境保护类,开设院校,18975,INTJ/ENTJ,研究型、现实型
670,侦查学,本科,公安学类,开设院校,18896,ESTP/ISFJ,现实型
671,针灸推拿,专科（高职）,临床医学类,开设院校,18827,INTJ/ISFJ/ESFJ,研究型
672,农学,本科,植物生产类,开设院校,18788,INTJ/ENFJ/ENFP,社会型、现实型
673,行政执行,专科（高职）,法律执行类,开设院校,18515,INTJ/ESTP,社会型
674,矿山地质,专科（高职）,地质类,开设院校,18160,INTJ/ISTJ/INTP,研究型
675,应用物理学,本科,物理学类,开设院校,18074,ISTP/INTP,
676,电子商务,专科（高职）,电子商务类,开设院校,18020,ENTJ,常规型
677,伦理学,本科,哲学类,开设院校,17939,INFJ,社会型
678,导弹维修,专科（高职）,航空装备类,开设院校,17531,ISTP/INTP,
679,社会工作,专科（高职）,公共事业类,开设院校,17314,ISFJ/ESTJ,社会型
680,国际经济与贸易,专科（高职）,经济贸易类,开设院校,17079,ESTJ/ISFJ,现实型
681,信用管理,本科,金融学类,开设院校,16887,ISTJ/INTP,研究型、管理型
682,采矿工程,本科,矿业类,开设院校,16821,INTJ/ISTJ,研究型
683,文物保护技术,本科,历史学类,开设院校,16801,INFJ,社会型
684,铁道车辆,专科（高职）,铁道运输类,开设院校,16670,ISTP,
685,广播电视编导,本科,戏剧与影视学类,开设院校,16407,ENFP/ESFP,艺术型
686,应用化学,本科,化学类,开设院校,16393,ISTP/INTJ,
687,软件技术,专科（高职）,计算机类,开设院校,16279,INTP/INTJ,研究型
688,人文教育,本科,教育学类,开设院校,16242,ENFP/ENFJ,社会型
689,石油工程技术,专科（高职）,石油与天然气类,开设院校,15868,INTJ/ISTJ,研究型
690,经济学,本科,经济学类,开设院校,15822,ISTJ/INTP,研究型
691,电子科学与技术,本科,电子信息类,开设院校,15795,ISTP/INTP,
692,物流管理,专科（高职）,物流类,开设院校,15612,ESTP,管理型
693,音乐学,本科,音乐与舞蹈学类,开设院校,15565,ESFP/ESTP,艺术型
694,中药学,本科,中药学类,开设院校,15381,ISFJ/ESFJ,研究型
695,法医学,本科,法医学类,开设院校,15159,ESTP/ESFJ,研究型
696,园艺,本科,植物生产类,开设院校,15147,INTJ/ENFJ/ENFP,社会型、现实型
697,社会学,本科,社会学类,开设院校,15100,ISFJ/ESTJ,社会型
698,信息安全,本科,计算机类,开设院校,15079,INTP/INTJ,研究型
699,华文教育,本科,教育学类,开设院校,14970,ENFP/ENFJ,社会型
700,应用语言学,本科,中国语言文学类,开设院校,14872,ESTP,艺术型
701,医学生物技术,专科（高职）,医学技术类,开设院校,14864,ESFJ/ISFJ,研究型
702,铁道工程技术,专科（高职）,铁道运输类,开设院校,14817,ISTP,
703,石油工程,本科,矿业类,开设院校,14801,INTJ/ISTJ,研究型
704,材料科学与工程,本科,材料类,开设院校,14672,ISTP/INTJ,
705,宗教学,本科,哲学类,开设院校,14406,INFJ,社会型
706,人民武装,专科（高职）,公共事业类,开设院校,14359,ISFJ/ESTJ,社会型
707,交通管理,专科（高职）,公安管理类,开设院校,14273,ESTP/ISFJ,现实型
708,广告学,本科,新闻传播学类,开设院校,13908,ESFP/ENFP,艺术型
709,妇幼保健医学,本科,公共卫生与预防医学类,开设院校,13819,ISFJ/ISFP,研究型
710,药品经营与管理,专科（高职）,食品药品管理类,开设院校,13684,ESFJ/ESTP,研究型
711,生物医学工程,本科,生物医学工程类,开设院校,13622,INTJ,研究型
712,女性学,本科,社会学类,开设院校,13264,ISFJ/ESTJ,社会型
713,中医骨伤,专科（高职）,临床医学类,开设院校,13229,INTJ/ISFJ/ESFJ,研究型
714,光源与照明,本科,电气类,开设院校,13098,INTJ/ISTP,研究型
715,电子信息工程技术,专科（高职）,电子信息类,开设院校,12967,ISTP/INTP,
716,国际商务,本科,工商管理类,开设院校,12920,ISFJ/ISTP/ESFJ,管理型
717,摄影,本科,美术学类,开设院校,12900,INTJ/INFP,艺术型
718,铁道交通运营管理,专科（高职）,铁道运输类,开设院校,12883,ISTP,
719,林业技术,专科（高职）,林业类,开设院校,12833,ISTJ/ISFJ,现实型
720,建筑材料工程技术,专科（高职）,建筑材料类,开设院校,12779,ISTP/INTP/ENTJ,
721,信息网络安全监察,专科（高职）,公安管理类,开设院校,12771,ESTP/ISFJ,现实型
722,精神医学,本科,临床医学类,开设院校,12763,INTJ/ISFJ/ESFJ,研究型
723,数字媒体技术,本科,计算机类,开设院校,12736,INTP/INTJ,研究型
724,风景园林,本科,建筑类,开设院校,12723,INTP/ISTJ,现实型
725,劳动与社会保障,本科,公共管理类,开设院校,12593,ENTJ/ISFJ,管理型
726,公共卫生管理,专科（高职）,公共卫生与卫生管理类,开设院校,12520,ISFJ/ISFP,管理型
727,动物医学,本科,动物医学类,开设院校,12501,ESFJ/INTJ,研究型
728,数字媒体艺术,本科,设计学类,开设院校,12459,ISFJ/ISFP,社会型
729,学前教育,专科（高职）,教育类,开设院校,12320,ENFP/ENFJ,社会型
730,测绘工程,本科,测绘类,开设院校,12309,ISTJ/INTJ,研究型
731,信息资源管理,本科,图书情报与档案管理类,开设院校,12224,INFP,管理型
732,影视多媒体技术,专科（高职）,广播影视类,开设院校,12102,INFJ/ISFP/ESFP,艺术型
733,水利水电工程管理,专科（高职）,水利工程与管理类,开设院校,12025,ISTJ/ISTP/ESFJ,研究型、管理型
734,交通运营管理,专科（高职）,道路运输类,开设院校,11961,ISTJ/ISTP/INTP,
735,眼视光学,本科,医学技术类,开设院校,11897,ESFJ/ISFJ,研究型
736,金融学,本科,金融学类,开设院校,11845,ISTJ/INTP,研究型
737,康复治疗学,本科,医学技术类,开设院校,11835,ESFJ/ISFJ,研究型
738,机械设计与制造,专科（高职）,机械设计制造类,开设院校,11757,ISTP,
739,美术学,本科,美术学类,开设院校,11667,INTJ/INFP,艺术型
740,档案学,本科,图书情报与档案管理类,开设院校,11623,INFP,管理型
741,音乐表演,本科,音乐与舞蹈学类,开设院校,11538,ESFP/ESTP,艺术型
742,酒店管理,专科（高职）,旅游类,开设院校,11441,ESFP/ISFP/ISFJ,管理型
743,智能科学与技术,本科,计算机类,开设院校,11429,INTP/INTJ,研究型
744,道路桥梁与渡河工程,本科,土木类,开设院校,11417,ISTJ/INTP,研究型
745,法学,本科,法学类,开设院校,11397,INTJ,研究型
746,统计学,本科,统计学类,开设院校,11308,INTJ,研究型
747,工业工程,本科,工业工程类,开设院校,11268,ISTJ/INTP,研究型
748,老年服务与管理,专科（高职）,公共服务类,开设院校,11257,ESFJ,管理型
749,家具设计与制造,专科（高职）,轻化工类,开设院校,11189,ISTP,
750,机械制造与自动化,专科（高职）,机械设计制造类,开设院校,11018,ISTP,
751,艺术教育,本科,教育学类,开设院校,10973,ENFP/ENFJ,社会型
752,公共关系学,本科,公共管理类,开设院校,10947,ENTJ/ISFJ,管理型
753,汽车服务工程,本科,机械类,开设院校,10892,ISTP,
754,食品科学与工程,本科,食品科学与工程类,开设院校,10849,ESFJ/ESTP,研究型
755,知识产权,本科,法学类,开设院校,10845,INTJ,研究型
756,眼视光技术,专科（高职）,医学技术类,开设院校,10807,ESFJ/ISFJ,研究型
757,核工程与核技术,本科,核工程类,开设院校,10795,INTJ/ISTP,研究型
758,智能产品开发,专科（高职）,电子信息类,开设院校,10788,ISTP/INTP,
759,园林,本科,林学类,开设院校,10703,ISFJ,现实型
760,地质学,本科,地质学类,开设院校,10548,INTJ,研究型
761,环境规划与管理,专科（高职）,环境保护类,开设院校,10310,INTJ/ENTJ,研究型、现实型
762,公安管理学,本科,公安学类,开设院校,10233,ESTP/ISFJ,现实型
763,图书馆学,本科,图书情报与档案管理类,开设院校,10230,INFP,管理型
764,化学生物学,本科,化学类,开设院校,10188,ISTP/INTJ,
765,轮机工程,本科,交通运输类,开设院校,10183,ISTJ/ISTP/INTP,
766,天文学,本科,天文学类,开设院校,10143,ISTP,
767,刑事侦查技术,专科（高职）,司法技术类,开设院校,10126,ESTP/INTJ,现实型、社会型
768,民族学,本科,民族学类,开设院校,10048,INTP,现实型
769,数控技术,专科（高职）,机械设计制造类,开设院校,10012,ISTP,
770,化学工程与工艺,本科,化工与制药类,开设院校,9980,INTJ,研究型
771,应用气象学,本科,大气科学类,开设院校,9915,INTJ,研究型
772,服装设计与工程,本科,纺织类,开设院校,9901,ISTP,
773,西班牙语,本科,外国语言文学类,开设院校,9881,ESTP/INFJ,艺术型
774,动物医学,专科（高职）,畜牧业类,开设院校,9852,INTJ/ESFJ,研究型
775,德语,本科,外国语言文学类,开设院校,9819,ESTP/INFJ,艺术型
776,犯罪学,本科,公安学类,开设院校,9763,ESTP/ISFJ,现实型
777,动画,本科,戏剧与影视学类,开设院校,9634,ENFP/ESFP,艺术型
778,交通工程,本科,交通运输类,开设院校,9533,ISTJ/ISTP/INTP,
779,给排水科学与工程,本科,土木类,开设院校,9478,ISTJ/INTP,研究型
780,过程装备与控制工程,本科,机械类,开设院校,9477,ISTP,
781,针灸推拿学,本科,中医学类,开设院校,9448,ESFJ/ISFJ,研究型
782,军事海洋学,本科,海洋科学类,开设院校,9445,INTJ/ISTJ/ESFJ/ENFP,研究型、现实型
783,食品质量与安全,本科,食品科学与工程类,开设院校,9370,ESFJ/ESTP,研究型
784,交通运输,本科,交通运输类,开设院校,9334,ISTJ/ISTP/INTP,
785,康复治疗技术,专科（高职）,康复治疗类,开设院校,9326,ESTJ/ISFJ,研究型
786,测控技术与仪器,本科,仪器类,开设院校,9317,ISTP,
787,警卫学,本科,公安学类,开设院校,9286,ESTP/ISFJ,现实型
788,国际政治,本科,政治学类,开设院校,9272,ISFJ/INTJ/ENTJ,社会型
789,制药工程,本科,化工与制药类,开设院校,9194,INTJ,研究型
790,医学影像技术,专科（高职）,医学技术类,开设院校,9153,ESFJ/ISFJ,研究型
791,船舶工程技术,专科（高职）,船舶与海洋工程装备类,开设院校,9027,ISTJ/ISTP,现实型、管理型
792,港口与航运管理,专科（高职）,水上运输类,开设院校,8874,ESFJ,管理型
793,水利水电工程,本科,水利类,开设院校,8865,ESFJ/ISTJ,现实型
794,市场营销,专科（高职）,市场营销类,开设院校,8843,ESFP/ESTP,艺术型
795,书法学,本科,美术学类,开设院校,8840,INTJ/INFP,艺术型
796,飞行器动力工程,本科,航空航天类,开设院校,8833,ISTP/INTP,
797,金属材料工程,本科,材料类,开设院校,8786,ISTP/INTJ,
798,烹饪与营养教育,本科,食品科学与工程类,开设院校,8751,ESFJ/ESTP,研究型
799,监狱学,本科,法学类,开设院校,8726,INTJ/ESTP,社会型
800,舞蹈表演,专科（高职）,表演艺术类,开设院校,8722,INTJ/INFP/ENFP,艺术型
801,药学,专科（高职）,药学类,开设院校,8692,INTJ/ISFJ,研究型
802,戏剧影视美术设计,本科,戏剧与影视学类,开设院校,8644,ENFP/ESFP,艺术型
803,宝石及材料工艺学,本科,材料类,开设院校,8619,ISTP/INTJ,
804,教育学,本科,教育学类,开设院校,8484,ENFP/ENFJ,社会型
805,放射医学,本科,临床医学类,开设院校,8470,INTJ/ISFJ/ESFJ,研究型
806,数理基础科学,本科,数学类,开设院校,8439,INTJ,研究型
807,材料成型及控制工程,本科,机械类,开设院校,8438,ISTP,
808,罪犯心理测量与矫正技术,专科（高职）,司法技术类,开设院校,8413,ESTP/INTJ,现实型、社会型
809,旅游管理,专科（高职）,旅游类,开设院校,8405,ESFP/ISFP/ISFJ,管理型
810,特殊教育,专科（高职）,教育类,开设院校,8387,ENFP/ENFJ,社会型
811,财务管理,专科（高职）,财务会计类,开设院校,8291,ISTJ,管理型
812,核物理,本科,物理学类,开设院校,8277,ISTP/INTP,
813,园艺技术,专科（高职）,农业类,开设院校,8256,INTJ/ISTP/ESFP,现实型、研究型
814,表演,本科,戏剧与影视学类,开设院校,8225,ENFP/ESFP,艺术型
815,民政管理,专科（高职）,公共管理类,开设院校,8133,ENTJ/ISFJ,管理型
816,药物制剂,本科,药学类,开设院校,8119,INTJ/ISFJ,研究型
817,经济犯罪侦查,专科（高职）,侦查类,开设院校,8111,INTJ/ESTP/ENTJ,社会型
818,测绘工程技术,专科（高职）,测绘地理信息类,开设院校,7997,ISTJ/INTJ,研究型
819,物流工程,本科,物流管理与工程类,开设院校,7959,ESTP,管理型
820,人物形象设计,专科（高职）,艺术设计类,开设院校,7897,ISFP,艺术型
821,药事管理,本科,药学类,开设院校,7887,INTJ/ISFJ,研究型
822,金属材料与热处理技术,专科（高职）,机械设计制造类,开设院校,7866,ISTP,
823,城市管理,本科,公共管理类,开设院校,7843,ENTJ/ISFJ,管理型
824,应用德语,专科（高职）,语言类,开设院校,7839,ESTP/ESFP,艺术型
825,人力资源管理,专科（高职）,公共管理类,开设院校,7809,ENTJ/ISFJ,管理型
826,普什图语,本科,外国语言文学类,开设院校,7749,ESTP/INFJ,艺术型
827,外交学,本科,政治学类,开设院校,7733,ISFJ/INTJ/ENTJ,社会型
828,应用法语,专科（高职）,语言类,开设院校,7722,ESTP/ESFP,艺术型
829,图书档案管理,专科（高职）,文化服务类,开设院校,7721,INFP/ESFJ,管理型
830,环境科学与工程,本科,环境科学与工程类,开设院校,7711,INTJ/ENTJ,研究型、现实型
831,科学教育,本科,教育学类,开设院校,7681,ENFP/ENFJ,社会型
832,助产,专科（高职）,护理类,开设院校,7625,INTJ/ISFJ,社会型
833,计算机信息管理,专科（高职）,计算机类,开设院校,7604,INTP/INTJ,研究型、管理型
834,安全工程,本科,安全科学与工程类,开设院校,7596,ISTJ/INTJ,研究型
835,艺术设计,专科（高职）,艺术设计类,开设院校,7581,ISFP,艺术型
836,绘画,本科,美术学类,开设院校,7577,INTJ/INFP,艺术型
837,工程力学,本科,力学类,开设院校,7542,ISTP/INTJ,
838,飞行器设计与工程,本科,航空航天类,开设院校,7533,ISTP/INTP,
839,家政学,本科,社会学类,开设院校,7532,ISFJ/ESTJ,社会型
840,地质工程,本科,地质类,开设院校,7504,INTJ/ISTJ/INTP,研究型
841,司法鉴定技术,专科（高职）,司法技术类,开设院校,7480,ESTP/INTJ,现实型、社会型
842,植物保护,本科,植物生产类,开设院校,7457,INTJ/ENFJ/ENFP,研究型
843,能源与环境系统工程,本科,能源动力类,开设院校,7393,ISTP,
844,医学检验技术,专科（高职）,医学技术类,开设院校,7388,ESFJ/ISFJ,研究型
845,应用西班牙语,专科（高职）,语言类,开设院校,7377,ESTP/ESFP,艺术型
846,广告设计与制作,专科（高职）,艺术设计类,开设院校,7248,ISFP,艺术型
847,园林技术,专科（高职）,林业类,开设院校,7227,ISTJ/ISFJ,现实型、研究型
848,建筑电气与智能化,本科,土木类,开设院校,7198,ISTJ/INTP,研究型
849,染整技术,专科（高职）,纺织服装类,开设院校,7155,ISTP/ESFP,
850,无机非金属材料工程,本科,材料类,开设院校,7150,ISTP/INTJ,
851,电力系统自动化技术,专科（高职）,电力技术类,开设院校,7098,ISTP/INTJ,
852,公安视听技术,本科,公安技术类,开设院校,7089,ISFJ/INTP/ESTP,研究型
853,应用生物科学,本科,植物生产类,开设院校,7083,INTJ/ENFJ/ENFP,研究型
854,园林工程技术,专科（高职）,建筑设计类,开设院校,7048,INTP/ISFP,现实型
855,地球物理学,本科,地球物理学类,开设院校,7017,INTJ/ISTP,研究型
856,野生动物与自然保护区管理,本科,自然保护与环境生态类,开设院校,6894,ENTJ/INTJ,社会型
857,地球信息科学与技术,本科,地质学类,开设院校,6868,INTJ,研究型
858,资产评估,本科,工商管理类,开设院校,6853,ISFJ/ISTP/ESFJ,管理型
859,禁毒学,本科,公安学类,开设院校,6848,ESTP/ISFJ,现实型
860,戏剧影视文学,本科,戏剧与影视学类,开设院校,6837,ENFP/ESFP,艺术型
861,动物科学,本科,动物生产类,开设院校,6828,INTJ/ESFJ,研究型
862,国际金融,专科（高职）,金融类,开设院校,6774,ISTJ/INTP,研究型
863,商检技术,专科（高职）,工商管理类,开设院校,6755,ISFJ/ISTP/ESFJ,管理型
864,国际贸易实务,专科（高职）,经济贸易类,开设院校,6722,ESTJ/ISFJ,现实型
865,茶学,本科,植物生产类,开设院校,6696,INTJ/ENFJ/ENFP,研究型
866,西餐工艺,专科（高职）,餐饮类,开设院校,6649,ESTP/ESFP,艺术型
867,民航安全技术管理,专科（高职）,航空运输类,开设院校,6646,ISTP/INTP,
868,体育教育,专科（高职）,教育类,开设院校,6598,ENFP/ENFJ,社会型
869,国际经济与贸易,本科,经济与贸易类,开设院校,6590,INTJ/ESTP,社会型
870,运动训练,本科,体育学类,开设院校,6553,ISTP,
871,冰岛语,本科,外国语言文学类,开设院校,6472,ESTP/INFJ,艺术型
872,司法信息技术,专科（高职）,司法技术类,开设院校,6457,ESTP/INTJ,现实型、社会型
873,分子科学与工程,本科,化学类,开设院校,6450,ISTP/INTJ,
874,信息对抗技术,本科,兵器类,开设院校,6355,ISTP/INTP,
875,飞行器制造工程,本科,航空航天类,开设院校,6290,ISTP/INTP,
876,资源勘查工程,本科,地质类,开设院校,6261,INTJ/ISTJ/INTP,研究型
877,商务经纪与代理,专科（高职）,经济贸易类,开设院校,6207,ESTJ/ISFJ,现实型
878,水土保持与荒漠化防治,本科,自然保护与环境生态类,开设院校,6190,ENTJ/INTJ,社会型
879,香料香精工艺,专科（高职）,轻化工类,开设院校,6184,ISTP,
880,发电厂及电力系统,专科（高职）,电力技术类,开设院校,6169,ISTP/INTJ,
881,卫生监督,专科（高职）,公共卫生与卫生管理类,开设院校,6107,ISFJ/ISFP,管理型
882,公共安全管理,专科（高职）,公安管理类,开设院校,6091,ESTP/ISFJ,现实型
883,空间信息与数字技术,本科,计算机类,开设院校,6089,INTP/INTJ,研究型
884,工程物理,本科,核工程类,开设院校,6058,INTJ/ISTP,研究型
885,飞行技术,本科,交通运输类,开设院校,6020,ISTJ/ISTP/INTP,
886,劳动与社会保障,专科（高职）,公共管理类,开设院校,6019,ENTJ/ISFJ,管理型
887,烟草,本科,植物生产类,开设院校,5926,INTJ/ENFJ/ENFP,研究型
888,建筑设备工程技术,专科（高职）,建筑设备类,开设院校,5866,ISTP/INTP/INTJ,
889,服装设计与工艺教育,本科,纺织类,开设院校,5816,ISTP,
890,遥感科学与技术,本科,测绘类,开设院校,5801,ISTJ/INTJ,研究型
891,土地资源管理,本科,公共管理类,开设院校,5800,ENTJ/ISFJ,管理型
892,部队后勤管理,专科（高职）,公安管理类,开设院校,5784,ESTP/ISFJ,现实型
893,焊接技术与工程,本科,材料类,开设院校,5782,ISTP/INTJ,
894,高分子材料加工技术,专科（高职）,轻化工类,开设院校,5781,ISTP,
895,广播电视技术,专科（高职）,广播影视类,开设院校,5705,INFJ/ISFP/ESFP,艺术型
896,勘查技术与工程,本科,地质类,开设院校,5704,INTJ/ISTJ/INTP,研究型
897,录音艺术,本科,戏剧与影视学类,开设院校,5676,ENFP/ESFP,艺术型
898,财务会计教育,本科,工商管理类,开设院校,5667,ISFJ/ISTP/ESFJ,管理型
899,经济统计学,本科,经济学类,开设院校,5655,ISTJ/INTP,研究型
900,交通管理工程,本科,公安技术类,开设院校,5654,ISTJ/INTP,研究型
901,应用电子技术,专科（高职）,电子信息类,开设院校,5640,ISTP/INTP,
902,应用英语,专科（高职）,语言类,开设院校,5618,ESTP/ESFP,艺术型
903,复合材料与工程,本科,材料类,开设院校,5613,ISTP/INTJ,
904,物业管理,本科,工商管理类,开设院校,5612,ISFJ/ISTP/ESFJ,管理型
905,消防工程,本科,公安技术类,开设院校,5565,ISTJ/ESTP,现实型
906,城市轨道交通运营管理,专科（高职）,城市轨道交通类,开设院校,5561,INTP,现实型、管理型
907,林学,本科,林学类,开设院校,5532,ISFJ,现实型
908,海洋科学,本科,海洋科学类,开设院校,5529,INTJ/ISTJ/ESFJ/ENFP,研究型、现实型
909,船舶与海洋工程,本科,海洋工程类,开设院校,5493,INTJ/ISTJ/ESFJ/ENFP,研究型、现实型
910,国际事务与国际关系,本科,政治学类,开设院校,5437,ISFJ/INTJ/ENTJ,社会型
911,口腔医学技术,专科（高职）,医学技术类,开设院校,5431,ESFJ/ISFJ,研究型
912,治安学,本科,公安学类,开设院校,5424,ESTP/ISFJ,现实型
913,阿拉伯语,本科,外国语言文学类,开设院校,5418,ESTP/INFJ,艺术型
914,音乐教育,专科（高职）,教育类,开设院校,5393,ENFP/ENFJ,社会型
915,旅行社经营管理,专科（高职）,旅游类,开设院校,5357,ESFP/ISFP/ISFJ,管理型
916,生物信息学,本科,生物科学类,开设院校,5351,INTJ,研究型
917,植物科学与技术,本科,植物生产类,开设院校,5346,INTJ/ENFJ/ENFP,研究型
918,消防工程技术,专科（高职）,建筑设备类,开设院校,5342,ISTP/INTP/INTJ,
919,农业资源与环境,本科,自然保护与环境生态类,开设院校,5324,ENTJ/INTJ,社会型
920,刑事科学技术,本科,公安技术类,开设院校,5303,ISFJ/ESTP,管理型、社会型
921,大气科学,本科,大气科学类,开设院校,5296,INTJ,研究型
922,油气储运工程,本科,矿业类,开设院校,5287,INTJ/ISTJ,研究型
923,城市地下空间工程,本科,土木类,开设院校,5286,ISTJ/INTP,研究型
924,生态学,本科,生物科学类,开设院校,5282,INTJ,研究型
925,集装箱运输管理,专科（高职）,水上运输类,开设院校,5265,ESFJ,管理型
926,司法助理,专科（高职）,法律实务类,开设院校,5215,INTJ/ESTP,社会型
927,电气自动化技术,专科（高职）,自动化类,开设院校,5193,ISTP,
928,油气储运技术,专科（高职）,石油与天然气类,开设院校,5192,INTJ/ISTJ,研究型
929,摄影摄像技术,专科（高职）,广播影视类,开设院校,5191,INFJ/ISFP/ESFP,艺术型
930,药物制剂技术,专科（高职）,药品制造类,开设院校,5190,INTJ/ISFJ,研究型
931,冶金工程,本科,材料类,开设院校,5180,ISTP/INTJ,
932,化学工程与工业生物工程,本科,化工与制药类,开设院校,5161,INTJ,研究型
933,医学信息工程,本科,电子信息类,开设院校,5141,ISTP/INTP,
934,人类学,本科,社会学类,开设院校,5111,ISFJ/ESTJ,社会型
935,工商企业管理,专科（高职）,工商管理类,开设院校,5106,ISFJ/ISTP/ESFJ,管理型
936,舞蹈编导,本科,音乐与舞蹈学类,开设院校,5059,ESFP/ESTP,艺术型
937,空间科学与技术,本科,地球物理学类,开设院校,5047,INTJ/ISTP,研究型
938,社会福利事业管理,专科（高职）,公共事业类,开设院校,5015,ISFJ/ESTJ,社会型
939,资源环境科学,本科,环境科学与工程类,开设院校,4953,INTJ/ENTJ,研究型、现实型
940,公安情报学,本科,公安学类,开设院校,4947,ESTP/ISFJ,现实型
941,朝鲜语,本科,外国语言文学类,开设院校,4928,ESTP/INFJ,艺术型
942,电信工程及管理,本科,电子信息类,开设院校,4870,ISTP/INTP,
943,治安管理,专科（高职）,公安管理类,开设院校,4863,ESTP/ISFJ,现实型
944,梵语巴利语,本科,外国语言文学类,开设院校,4856,ESTP/INFJ,艺术型
945,武器系统与工程,本科,兵器类,开设院校,4855,ISTP/INTP,
946,禁毒,专科（高职）,侦查类,开设院校,4850,INTJ/ESTP/ENTJ,社会型
947,种子科学与工程,本科,植物生产类,开设院校,4839,INTJ/ENFJ/ENFP,研究型
948,公路机械化施工技术,专科（高职）,道路运输类,开设院校,4837,ISTJ/ISTP/INTP,
949,林产化工,本科,林业工程类,开设院校,4825,ISTJ,研究型
950,建筑装饰工程技术,专科（高职）,建筑设计类,开设院校,4780,INTP/ISFP,现实型
951,出版与电脑编辑技术,专科（高职）,新闻出版类,开设院校,4777,ESFP/ENFP,艺术型
952,声学,本科,物理学类,开设院校,4732,ISTP/INTP,
953,地理教育,专科（高职）,教育类,开设院校,4731,ENFP/ENFJ,社会型
954,作物生产技术,专科（高职）,农业类,开设院校,4688,INTJ/ISTP/ESFP,现实型、研究型
955,设施农业科学与工程,本科,植物生产类,开设院校,4680,INTJ/ENFJ/ENFP,研究型
956,水利水电建筑工程,专科（高职）,水利工程与管理类,开设院校,4678,ISTJ/ISTP/ESFJ,研究型、管理型
957,制冷与空调技术,专科（高职）,机电设备类,开设院校,4677,ISTP/INTJ,
958,警犬技术,专科（高职）,公安技术类,开设院校,4669,ISFJ/ESTP,管理型、社会型
959,现代纺织技术,专科（高职）,纺织服装类,开设院校,4650,ISTP/ESFP,
960,火灾勘查,本科,公安技术类,开设院校,4631,ISTJ/ESTP,现实型
961,动物药学,本科,动物医学类,开设院校,4627,ESFJ/INTJ,研究型
962,司法警务,专科（高职）,法律执行类,开设院校,4612,INTJ/ESTP,社会型
963,税收学,本科,财政学类,开设院校,4575,INTJ,研究型
964,数学教育,专科（高职）,教育类,开设院校,4557,ENFP/ENFJ,社会型
965,种子生产与经营,专科（高职）,农业类,开设院校,4541,INTJ/ISTP/ESFP,现实型、研究型
966,电线电缆制造技术,专科（高职）,机械设计制造类,开设院校,4540,ISTP,
967,作曲与作曲技术理论,本科,音乐与舞蹈学类,开设院校,4532,ESFP/ESTP,艺术型
968,制浆造纸技术,专科（高职）,轻化工类,开设院校,4508,ISTP,
969,中草药栽培与鉴定,本科,中药学类,开设院校,4506,ISFJ/ESFJ,研究型
970,城市燃气工程技术,专科（高职）,市政工程类,开设院校,4500,ISTJ/ISTP/INTP,
971,葡萄与葡萄酒工程,本科,食品科学与工程类,开设院校,4475,ESFJ/ESTP,研究型
972,财政,专科（高职）,财政税务类,开设院校,4470,INTJ,研究型
974,旅游管理与服务教育,本科,旅游管理类,开设院校,4456,ESFP/ESTP,管理型
973,电子测量技术与仪器,专科（高职）,电子信息类,开设院校,4456,ISTP/INTP,
975,通信系统运行管理,专科（高职）,通信类,开设院校,4423,INTP/ENTJ,研究型、管理型
976,英语教育,专科（高职）,教育类,开设院校,4421,ENFP/ENFJ,社会型
977,核化工与核燃料工程,本科,核工程类,开设院校,4400,INTJ/ISTP,研究型
978,舞蹈学,本科,音乐与舞蹈学类,开设院校,4380,ESFP/ESTP,艺术型
979,农林经济管理,本科,农业经济管理类,开设院校,4379,INTJ,研究型
980,水产养殖学,本科,水产类,开设院校,4358,ESFJ/INTJ,研究型
981,影视动画,专科（高职）,广播影视类,开设院校,4358,INFJ/ISFP/ESFP,艺术型
982,海洋技术,本科,海洋科学类,开设院校,4331,INTJ/ISTJ/ESFJ/ENFP,研究型、现实型
983,理论与应用力学,本科,力学类,开设院校,4330,ISTP/INTJ,
984,参谋业务,专科（高职）,公安指挥类,开设院校,4329,ESTP/ISFJ,现实型
985,环境艺术设计,专科（高职）,艺术设计类,开设院校,4301,ISFP,艺术型
986,表面精饰工艺,专科（高职）,轻化工类,开设院校,4294,ISTP,
987,汉语,专科（高职）,语言类,开设院校,4293,ESTP/ESFP,艺术型
988,警犬技术,本科,公安学类,开设院校,4290,ESTP/ISFJ,现实型
989,包装工程,本科,轻工类,开设院校,4279,ISTP,
990,地下水科学与工程,本科,地质类,开设院校,4279,INTJ/ISTJ/INTP,研究型
991,农艺教育,本科,植物生产类,开设院校,4221,INTJ/ENFJ/ENFP,社会型、现实型
992,模具设计与制造,专科（高职）,机械设计制造类,开设院校,4214,ISTP,
993,法律文秘,专科（高职）,法律实务类,开设院校,4195,INTJ/ESTP,社会型
994,瑞典语,本科,外国语言文学类,开设院校,4168,ESTP/INFJ,艺术型
995,汽车制造与装配技术,专科（高职）,汽车制造类,开设院校,4160,ISTP,
996,矿物加工工程,本科,矿业类,开设院校,4154,INTJ/ISTJ,研究型
997,移动通信技术,专科（高职）,通信类,开设院校,4151,INTP/ENTJ,研究型
998,农村区域发展,本科,农业经济管理类,开设院校,4147,INTJ,研究型
999,轻化工程,本科,轻工类,开设院校,4145,ISTP,
1000,部队政治工作,专科（高职）,公安管理类,开设院校,4128,ESTP/ISFJ,现实型
1001,思想政治教育,专科（高职）,教育类,开设院校,4115,ENFP/ENFJ,社会型
1002,农村能源与环境技术,专科（高职）,新能源发电工程类,开设院校,4100,INTJ/ISTP/INTP/ENTJ,研究型
1003,投资与理财,专科（高职）,金融类,开设院校,4087,ISTJ/INTP,研究型
1004,历史建筑保护工程,本科,建筑类,开设院校,4079,INTP/ISTJ,现实型
1005,工业设备安装工程技术,专科（高职）,建筑设备类,开设院校,4075,ISTP/INTP/INTJ,
1006,食品营养与检验教育,本科,食品科学与工程类,开设院校,4069,ESFJ/ESTP,研究型
1007,挪威语,本科,外国语言文学类,开设院校,4057,ESTP/INFJ,艺术型
1008,服装表演,专科（高职）,表演艺术类,开设院校,4055,INTJ/INFP/ENFP,艺术型
1009,给排水工程技术,专科（高职）,市政工程类,开设院校,4045,ISTJ/ISTP/INTP,
1010,海洋渔业科学与技术,本科,水产类,开设院校,4044,ESFJ/INTJ,研究型
1011,航海技术,本科,交通运输类,开设院校,4037,ISTJ/ISTP/INTP,
1012,通信技术,专科（高职）,通信类,开设院校,4023,INTP/ENTJ,研究型
1013,摄影测量与遥感技术,专科（高职）,测绘地理信息类,开设院校,4000,ISTJ/INTJ,研究型
1014,轮机工程技术,专科（高职）,水上运输类,开设院校,3996,ISTP,
1015,酿酒工程,本科,食品科学与工程类,开设院校,3958,ESFJ/ESTP,研究型
1016,商务日语,专科（高职）,语言类,开设院校,3957,ESTP/ESFP,艺术型
1017,商务英语,专科（高职）,语言类,开设院校,3938,ESTP/ESFP,艺术型
1018,维药学,专科（高职）,药学类,开设院校,3929,INTJ/ISFJ,研究型
1019,电磁场与无线技术,本科,电子信息类,开设院校,3923,ISTP/INTP,
1020,蒙医学,专科（高职）,临床医学类,开设院校,3916,INTJ/ISFJ/ESFJ,研究型
1021,农业机械化及其自动化,本科,农业工程类,开设院校,3894,ISTJ/INTJ/ISTP/INTP,研究型
1022,经济犯罪侦查,本科,公安学类,开设院校,3885,ESTP/ISFJ,现实型
1023,航空电子电气技术,专科（高职）,航空装备类,开设院校,3878,ISTP/INTP,
1024,港口航道与海岸工程,本科,水利类,开设院校,3860,ESFJ/ISTJ,现实型
1025,广播电视工程,本科,电子信息类,开设院校,3834,ISTP/INTP,
1026,森林生态旅游,专科（高职）,林业类,开设院校,3786,ISTJ/ISFJ,现实型
1027,海洋药学,本科,药学类,开设院校,3764,INTJ/ISFJ,研究型
1028,卫生信息管理,专科（高职）,公共卫生与卫生管理类,开设院校,3762,ISFJ/ISFP,管理型
1029,针织技术与针织服装,专科（高职）,纺织服装类,开设院校,3748,ISTP/ESFP,
1030,弹药工程与爆炸技术,本科,兵器类,开设院校,3735,ISTP/INTP,
1031,汽车维修工程教育,本科,机械类,开设院校,3727,ISTP/ENFJ,
1032,市政工程技术,专科（高职）,市政工程类,开设院校,3714,ISTJ/ISTP/INTP,
1033,应用气象技术,专科（高职）,气象类,开设院校,3694,INTJ,研究型
1034,水务工程,本科,水利类,开设院校,3693,ESFJ/ISTJ,现实型
1035,中国少数民族语言文学,本科,中国语言文学类,开设院校,3688,ESTP,艺术型
1036,司法信息安全,专科（高职）,司法技术类,开设院校,3684,ESTP/INTJ,现实型、社会型
1037,导游,专科（高职）,旅游类,开设院校,3682,ESFP/ISFP/ISFJ,管理型
1038,内燃机制造与维修,专科（高职）,机械设计制造类,开设院校,3627,ISTP,
1039,草业科学,本科,草学类,开设院校,3618,INTJ,研究型
1040,戏剧学,本科,戏剧与影视学类,开设院校,3596,ENFP/ESFP,艺术型
1041,应用电子技术教育,本科,电子信息类,开设院校,3595,ISTP/INTP,
1042,保险学,本科,金融学类,开设院校,3591,ISTJ/INTP,研究型
1043,政治学与行政学,本科,政治学类,开设院校,3583,ISFJ/INTJ/ENTJ,社会型
1044,波斯语,本科,外国语言文学类,开设院校,3577,ESTP/INFJ,艺术型
1045,农业经济管理,专科（高职）,农业类,开设院校,3566,INTJ/ISTP/ESFP,现实型、研究型
1046,保健品开发与管理,专科（高职）,食品药品管理类,开设院校,3559,ESFJ/ESTP,研究型
1047,精算学,本科,金融学类,开设院校,3547,ISTJ/INTP,研究型
1048,市场营销教育,本科,工商管理类,开设院校,3533,ISFJ/ISTP/ESFJ,管理型
1049,教育技术学,本科,教育学类,开设院校,3511,ENFP/ENFJ,社会型
1050,商务管理,专科（高职）,工商管理类,开设院校,3511,ISFJ/ISTP/ESFJ,管理型
1051,管道工程技术,专科（高职）,管道运输类,开设院校,3503,ISTP/ISTJ,
1052,社会工作,本科,社会学类,开设院校,3465,ISFJ/ESTJ,社会型
1053,水文与水资源工程,本科,水利类,开设院校,3440,ESFJ/ISTJ,现实型
1054,数控设备应用与维护,专科（高职）,机电设备类,开设院校,3435,ISTP/INTJ,
1055,纺织工程,本科,纺织类,开设院校,3430,ISTP,
1056,机电技术教育,本科,机械类,开设院校,3427,ISTP/ENFJ,
1057,芬兰语,本科,外国语言文学类,开设院校,3423,ESTP/INFJ,艺术型
1058,思想政治教育,本科,马克思主义理论类,开设院校,3402,INTJ/ENTP,社会型
1059,劳动关系,本科,工商管理类,开设院校,3401,ISFJ/ISTP/ESFJ,管理型
1060,科学教育,专科（高职）,教育类,开设院校,3394,ENFP/ENFJ,社会型
1061,藏医学,专科（高职）,临床医学类,开设院校,3382,INTJ/ISFJ/ESFJ,研究型
1062,水务管理,专科（高职）,水利工程与管理类,开设院校,3381,ISTJ/ISTP/ESFJ,研究型、管理型
1063,大气科学技术,专科（高职）,气象类,开设院校,3369,INTJ,研究型
1064,木材科学与工程,本科,林业工程类,开设院校,3367,ISTJ,研究型
1065,食品生物技术,专科（高职）,生物技术类,开设院校,3362,INTJ,研究型
1066,粉体材料科学与工程,本科,材料类,开设院校,3361,ISTP/INTJ,
1067,边防检查,专科（高职）,公安管理类,开设院校,3360,ESTP/ISFJ,现实型
1068,园艺教育,本科,植物生产类,开设院校,3353,INTJ/ENFJ/ENFP,社会型、现实型
1069,电子产品质量检测,专科（高职）,电子信息类,开设院校,3342,ISTP/INTP,
1070,中草药栽培技术,专科（高职）,农业类,开设院校,3330,INTJ/ISTP/ESFP,现实型、研究型
1071,供热通风与空调工程技术,专科（高职）,建筑设备类,开设院校,3330,ISTP/INTP/INTJ,
1072,民事执行,专科（高职）,法律执行类,开设院校,3315,INTJ/ESTP,社会型
1073,消防指挥,本科,公安学类,开设院校,3278,ESTP/ISFJ,现实型
1074,维医学,本科,中医学类,开设院校,3262,ESFJ/ISFJ,研究型
1075,资产评估与管理,专科（高职）,财政税务类,开设院校,3260,INTJ,研究型
1076,木材加工技术,专科（高职）,林业类,开设院校,3255,ISTJ/ISFJ,现实型
1077,精密机械技术,专科（高职）,机械设计制造类,开设院校,3246,ISTP,
1078,孟加拉语,本科,外国语言文学类,开设院校,3244,ESTP/INFJ,艺术型
1079,钻探技术,专科（高职）,地质类,开设院校,3244,INTJ/ISTJ/INTP,研究型
1080,边防管理,本科,公安学类,开设院校,3235,ESTP/ISFJ,现实型
1081,应用阿拉伯语,专科（高职）,语言类,开设院校,3213,ESTP/ESFP,艺术型
1082,艺术教育,专科（高职）,教育类,开设院校,3212,ENFP/ENFJ,艺术型
1083,大气探测技术,专科（高职）,气象类,开设院校,3189,INTJ,研究型
1084,水族科学与技术,本科,水产类,开设院校,3177,ESFJ/INTJ,研究型
1085,煤矿开采技术,专科（高职）,煤炭类,开设院校,3160,ISTP/INTJ,
1086,纺织品检验与贸易,专科（高职）,纺织服装类,开设院校,3158,ISTP/ESFP,
1087,动植物检疫,本科,动物医学类,开设院校,3140,ESFJ/INTJ,研究型
1088,雕塑,本科,美术学类,开设院校,3121,INTJ/INFP,艺术型
1089,煤田地质与勘查技术,专科（高职）,资源勘查类,开设院校,3107,ISTP,
1090,海事管理,本科,公共管理类,开设院校,3104,ENTJ/ISFJ,管理型
1091,建筑经济管理,专科（高职）,建设工程管理类,开设院校,3093,ENTJ/INTP/ISTJ,管理型
1092,舞蹈教育,专科（高职）,教育类,开设院校,3084,ENFP/ENFJ,艺术型
1093,矿物资源工程,本科,矿业类,开设院校,3083,INTJ/ISTJ,研究型
1094,民航运输,专科（高职）,航空运输类,开设院校,3081,ISTP/INTP,
1095,工程测量技术,专科（高职）,测绘地理信息类,开设院校,3073,ISTJ/INTJ,研究型
1096,藏医学,本科,中医学类,开设院校,3068,ESFJ/ISFJ,研究型
1097,汽车电子技术,专科（高职）,汽车制造类,开设院校,3068,ISTP,
1098,中药资源与开发,本科,中药学类,开设院校,3066,ISFJ/ESFJ,研究型
1099,建筑电气工程技术,专科（高职）,建筑设备类,开设院校,3061,ISTP/INTP/INTJ,
1100,应用化工技术,专科（高职）,化工技术类,开设院校,3026,INTJ/ENTJ,研究型、现实型
1101,版面编辑与校对,专科（高职）,新闻出版类,开设院校,3023,ESFP/ENFP,艺术型
1102,管道运输管理,专科（高职）,管道运输类,开设院校,2989,ESFJ,管理型
1103,证券与期货,专科（高职）,金融类,开设院校,2987,ISTJ/INTP,研究型
1104,呼吸治疗技术,专科（高职）,医学技术类,开设院校,2986,ESFJ/ISFJ,研究型
1105,安全防范技术,专科（高职）,司法技术类,开设院校,2983,ESTP/INTJ,现实型、社会型
1106,农业水利工程,本科,农业工程类,开设院校,2980,ISTJ/INTJ/ISTP/INTP,研究型
1107,豪萨语,本科,外国语言文学类,开设院校,2979,ESTP/INFJ,艺术型
1108,水政水资源管理,专科（高职）,水文水资源类,开设院校,2972,ESFJ/ISTJ,现实型
1109,社区管理与服务,专科（高职）,公共事业类,开设院校,2972,ISFJ/ESTJ,社会型
1110,中国少数民族语言文化,专科（高职）,民族文化类,开设院校,2957,INTP/INFP,艺术型
1111,美术教育,专科（高职）,教育类,开设院校,2940,ENFP/ENFJ,艺术型
1112,探测制导与控制技术,本科,兵器类,开设院校,2918,ISTP/INTP,
1113,经济信息管理,专科（高职）,经济贸易类,开设院校,2902,ESTJ/ISFJ,管理型
1114,蚕学,本科,动物生产类,开设院校,2901,INTJ/ESFJ,研究型
1115,应用日语,专科（高职）,语言类,开设院校,2898,ESTP/ESFP,艺术型
1116,运动人体科学,本科,体育学类,开设院校,2885,ISTP,
1117,飞行器环境与生命保障工程,本科,航空航天类,开设院校,2884,ISTP/INTP,
1118,丝绸技术,专科（高职）,纺织服装类,开设院校,2867,ISTP/ESFP,
1119,边防指挥,专科（高职）,公安指挥类,开设院校,2857,ESTP/ISFJ,现实型
1121,青少年工作与管理,专科（高职）,公共事业类,开设院校,2849,ISFJ/ESTJ,社会型
1120,水文与工程地质,专科（高职）,地质类,开设院校,2849,INTJ/ISTJ/INTP,研究型
1122,运动训练,专科（高职）,体育类,开设院校,2845,ISTP,
1123,维医学,专科（高职）,临床医学类,开设院校,2834,INTJ/ISFJ/ESFJ,研究型
1124,会展策划与管理,专科（高职）,会展类,开设院校,2822,ESFP/ENTP,管理型
1125,美术,专科（高职）,艺术设计类,开设院校,2821,ISFP,艺术型
1126,丹麦语,本科,外国语言文学类,开设院校,2797,ESTP/INFJ,艺术型
1127,蒙药学,本科,中药学类,开设院校,2795,ISFJ/ESFJ,研究型
1128,水利工程,专科（高职）,水利工程与管理类,开设院校,2788,ISTJ/ISTP/ESFJ,研究型、管理型
1129,文秘,专科（高职）,文秘类,开设院校,2786,ESFJ/ISFJ,研究型
1130,农业建筑环境与能源工程,本科,农业工程类,开设院校,2768,ISTJ/INTJ/ISTP/INTP,研究型
1131,数据科学与大数据技术,本科,计算机类,开设院校,2767,INTP/INTJ,研究型
1132,警察指挥与战术,专科（高职）,公安指挥类,开设院校,2745,ESTP/ISFJ,现实型
1133,自然保护区建设与管理,专科（高职）,林业类,开设院校,2734,ISTJ/ISFJ,现实型
1134,船舶检验,专科（高职）,水上运输类,开设院校,2725,ISTP,
1135,粮油储藏与检测技术,专科（高职）,粮食储检类,开设院校,2722,ISTP/ESTP,
1136,供用电技术,专科（高职）,电力技术类,开设院校,2714,ISTP/INTJ,
1137,音乐表演,专科（高职）,表演艺术类,开设院校,2714,INTJ/INFP/ENFP,艺术型
1138,泰米尔语,本科,外国语言文学类,开设院校,2707,ESTP/INFJ,艺术型
1139,蜂学,本科,动物生产类,开设院校,2692,INTJ/ESFJ,研究型
1140,安全防范工程,本科,公安技术类,开设院校,2673,ISTJ/ESTP,现实型
1141,纺织品设计,专科（高职）,纺织服装类,开设院校,2667,ISTP/ESFP,
1143,新闻采编与制作,专科（高职）,广播影视类,开设院校,2655,INFJ/ISFP/ESFP,艺术型
1142,地球化学,本科,地质学类,开设院校,2655,INTJ,研究型
1144,葡萄牙语,本科,外国语言文学类,开设院校,2650,ESTP/INFJ,艺术型
1145,森林资源保护,专科（高职）,林业类,开设院校,2649,ISTJ/ISFJ,现实型
1146,假肢矫形工程,本科,生物医学工程类,开设院校,2643,INTJ,研究型
1147,尼泊尔语,本科,外国语言文学类,开设院校,2639,ESTP/INFJ,艺术型
1148,土耳其语,本科,外国语言文学类,开设院校,2637,ESTP/INFJ,艺术型
1149,边境管理,专科（高职）,公安管理类,开设院校,2625,ESTP/ISFJ,现实型
1150,荷兰语,本科,外国语言文学类,开设院校,2616,ESTP/INFJ,艺术型
1151,机电设备维修与管理,专科（高职）,机电设备类,开设院校,2606,ISTP/INTJ,
1152,生物制药技术,专科（高职）,药品制造类,开设院校,2603,INTJ/ISFJ,研究型
1153,救援技术,专科（高职）,安全类,开设院校,2601,ISFJ/ESTP,现实型
1154,出版信息管理,专科（高职）,新闻出版类,开设院校,2597,ESFP/ENFP,艺术型
1155,公共事务管理,专科（高职）,公共管理类,开设院校,2574,ENTJ/ISFJ,管理型
1156,钻井技术,专科（高职）,石油与天然气类,开设院校,2565,INTJ/ISTJ,研究型
1157,国际商务,专科（高职）,经济贸易类,开设院校,2565,ESTJ/ISFJ,现实型
1158,波兰语,本科,外国语言文学类,开设院校,2563,ESTP/INFJ,艺术型
1159,防雷技术,专科（高职）,气象类,开设院校,2562,INTJ,研究型
1160,中国共产党历史,本科,马克思主义理论类,开设院校,2560,INTJ/ENTP,社会型
1161,旅游日语,专科（高职）,语言类,开设院校,2551,ESTP/ESFP,艺术型
1162,实验动物技术,专科（高职）,畜牧业类,开设院校,2547,INTJ/ESFJ,研究型
1163,科学社会主义,本科,马克思主义理论类,开设院校,2546,INTJ/ENTP,社会型
1164,音像技术,专科（高职）,广播影视类,开设院校,2536,INFJ/ISFP/ESFP,艺术型
1165,蒙医学,本科,中医学类,开设院校,2533,ESFJ/ISFJ,研究型
1166,中药制药技术,专科（高职）,药品制造类,开设院校,2514,INTJ/ISFJ,研究型
1167,意大利语,本科,外国语言文学类,开设院校,2509,ESTP/INFJ,艺术型
1168,电厂热能动力装置,专科（高职）,热能与发电工程类,开设院校,2502,ISTP/INTJ,
1169,食品药品监督管理,专科（高职）,食品药品管理类,开设院校,2491,ESFJ/ESTP,研究型
1170,边防指挥,本科,公安学类,开设院校,2478,ESTP/ISFJ,现实型
1171,报关与国际货运,专科（高职）,经济贸易类,开设院校,2462,ESTJ/ISFJ,现实型
1172,应用韩语,专科（高职）,语言类,开设院校,2443,ESTP/ESFP,艺术型
1173,税务,专科（高职）,财政税务类,开设院校,2442,INTJ,研究型
1174,粮食工程,本科,食品科学与工程类,开设院校,2436,ESFJ/ESTP,研究型
1175,食品贮运与营销,专科（高职）,食品工业类,开设院校,2420,ESFJ/ESTP,研究型
1176,农业工程,本科,农业工程类,开设院校,2412,ISTJ/INTJ/ISTP/INTP,研究型
1177,捷克语,本科,外国语言文学类,开设院校,2408,ESTP/INFJ,艺术型
1178,防火管理,专科（高职）,公安管理类,开设院校,2407,ESTP/ISFJ,现实型
1179,材料成型与控制技术,专科（高职）,机械设计制造类,开设院校,2387,ISTP,
1180,高压输配电线路施工运行与维护,专科（高职）,电力技术类,开设院校,2372,ISTP/INTJ,
1181,食品加工技术,专科（高职）,食品工业类,开设院校,2363,ESFJ/ESTP,研究型
1182,核生化消防,本科,公安技术类,开设院校,2346,ISTJ/ESTP,现实型
1183,乌克兰语,本科,外国语言文学类,开设院校,2341,ESTP/INFJ,艺术型
1184,印刷工程,本科,轻工类,开设院校,2329,ISTP,
1185,匈牙利语,本科,外国语言文学类,开设院校,2319,ESTP/INFJ,艺术型
1186,微电子技术,专科（高职）,电子信息类,开设院校,2316,ISTP/INTP,
1187,自动化生产设备应用,专科（高职）,机电设备类,开设院校,2304,ISTP/INTJ,
1188,阿尔巴尼亚语,本科,外国语言文学类,开设院校,2299,ESTP/INFJ,艺术型
1189,物业管理,专科（高职）,房地产类,开设院校,2298,INTJ/ESTJ,管理型
1190,钢琴调律,专科（高职）,表演艺术类,开设院校,2288,INTJ/INFP/ENFP,艺术型
1191,城市热能应用技术,专科（高职）,热能与发电工程类,开设院校,2285,ISTP/INTJ,
1192,水质科学与技术,本科,环境科学与工程类,开设院校,2282,INTJ/ENTJ,研究型、现实型
1193,森林消防,专科（高职）,公安管理类,开设院校,2268,ESTP/ISFJ,现实型
1194,历史教育,专科（高职）,教育类,开设院校,2252,ENFP/ENFJ,社会型
1195,刑事执行,专科（高职）,法律执行类,开设院校,2209,INTJ/ESTP,社会型
1196,非织造材料与工程,本科,纺织类,开设院校,2134,ISTP,
1197,泰语,本科,外国语言文学类,开设院校,2129,ESTP/INFJ,艺术型
1198,化学教育,专科（高职）,教育类,开设院校,2109,ENFP/ENFJ,社会型
1199,消防指挥,专科（高职）,公安指挥类,开设院校,2105,ESTP/ISFJ,现实型
1200,森林工程,本科,林业工程类,开设院校,2096,ISTJ,研究型
1201,社区康复,专科（高职）,公共服务类,开设院校,2089,ESFJ,管理型
1202,岩土工程技术,专科（高职）,地质类,开设院校,2086,INTJ/ISTJ/INTP,研究型
1203,火电厂集控运行,专科（高职）,热能与发电工程类,开设院校,2085,ISTP/INTJ,
1204,物理教育,专科（高职）,教育类,开设院校,2068,ENFP/ENFJ,社会型
1205,应用俄语,专科（高职）,语言类,开设院校,2066,ESTP/ESFP,艺术型
1206,景区开发与管理,专科（高职）,旅游类,开设院校,2058,ESFP/ISFP/ISFJ,管理型
1207,矿山测量,专科（高职）,测绘地理信息类,开设院校,2043,ISTJ/INTJ,研究型
1208,材料工程技术,专科（高职）,非金属材料类,开设院校,2040,ISTP,
1209,现代教育技术,专科（高职）,教育类,开设院校,1973,ENFP/ENFJ,社会型
1210,缅甸语,本科,外国语言文学类,开设院校,1971,ESTP/INFJ,艺术型
1211,表演艺术,专科（高职）,表演艺术类,开设院校,1968,INTJ/INFP/ENFP,艺术型
1212,保加利亚语,本科,外国语言文学类,开设院校,1961,ESTP/INFJ,艺术型
1213,应用越南语,专科（高职）,语言类,开设院校,1955,ESTP/ESFP,艺术型
1214,酿酒技术,专科（高职）,食品工业类,开设院校,1932,ESFJ/ESTP,研究型
1215,连锁经营管理,专科（高职）,工商管理类,开设院校,1928,ISFJ/ISTP/ESFJ,管理型
1216,克罗地亚语,本科,外国语言文学类,开设院校,1897,ESTP/INFJ,艺术型
1217,鞋类设计与工艺,专科（高职）,轻化工类,开设院校,1888,ISTP,
1218,公共关系,专科（高职）,公共事业类,开设院校,1865,ISFJ/ESTJ,社会型
1219,矿物加工技术,专科（高职）,金属与非金属矿类,开设院校,1805,INTP/ISTP,研究型
1220,旅游英语,专科（高职）,语言类,开设院校,1788,INTJ/ISTJ/ESFJ/ENFP,研究型、现实型
1221,塞尔维亚语,本科,外国语言文学类,开设院校,1787,ESTP/INFJ,艺术型
1222,藏药学,本科,中药学类,开设院校,1783,ISFJ/ESFJ,研究型
1223,矿井建设,专科（高职）,煤炭类,开设院校,1767,ISTP/INTJ,
1224,越南语,本科,外国语言文学类,开设院校,1763,ESTP/INFJ,艺术型
1225,罗马尼亚语,本科,外国语言文学类,开设院校,1732,ESTP/INFJ,艺术型
1226,液压与气动技术,专科（高职）,自动化类,开设院校,1715,ISTP,
1227,矿井运输与提升,专科（高职）,煤炭类,开设院校,1677,ISTP/INTJ,
1228,机器人工程,本科,自动化类,开设院校,1663,ISTP,
1230,化学制药技术,专科（高职）,药品制造类,开设院校,1661,INTJ/ISFJ,研究型
1229,选煤技术,专科（高职）,煤炭类,开设院校,1661,ISTP/INTJ,
1231,蚕桑技术,专科（高职）,畜牧业类,开设院校,1647,INTJ/ESFJ,研究型
1232,老挝语,本科,外国语言文学类,开设院校,1621,ESTP/INFJ,艺术型
1233,特种动物养殖,专科（高职）,畜牧业类,开设院校,1598,INTJ/ESFJ,研究型
1235,生物医学,本科,基础医学类,开设院校,1593,ESFJ/ISFJ,研究型
1234,抢险救援,专科（高职）,公安指挥类,开设院校,1593,ESTP/ISFJ,现实型
1236,工业网络技术,专科（高职）,自动化类,开设院校,1576,ISTP,
1237,电子工艺与管理,专科（高职）,电子信息类,开设院校,1553,ISTP/INTP,
1238,斯瓦希里语,本科,外国语言文学类,开设院校,1537,ESTP/INFJ,艺术型
1239,蒙古语,本科,外国语言文学类,开设院校,1519,ESTP/INFJ,艺术型
1240,水产养殖技术,专科（高职）,渔业类,开设院校,1496,INTJ/ISTJ/ESFJ/ENFP,研究型、现实型
1241,饲料与动物营养,专科（高职）,畜牧业类,开设院校,1476,INTJ/ESFJ,研究型
1242,印地语,本科,外国语言文学类,开设院校,1454,ESTP/INFJ,艺术型
1243,柬埔寨语,本科,外国语言文学类,开设院校,1434,ESTP/INFJ,艺术型
1244,煤炭深加工与利用,专科（高职）,煤炭类,开设院校,1433,ISTP/INTJ,
1245,马来语,本科,外国语言文学类,开设院校,1430,ESTP/INFJ,艺术型
1246,油田化学应用技术,专科（高职）,石油与天然气类,开设院校,1416,INTJ/ISTJ,研究型
1247,印度尼西亚语,本科,外国语言文学类,开设院校,1408,ESTP/INFJ,艺术型
1248,生物教育,专科（高职）,教育类,开设院校,1367,ENFP/ENFJ,社会型
1249,乌尔都语,本科,外国语言文学类,开设院校,1344,ESTP/INFJ,艺术型
1250,菲律宾语,本科,外国语言文学类,开设院校,1318,ESTP/INFJ,艺术型
1251,民族传统体育,专科（高职）,体育类,开设院校,1295,ISTP,
1252,动物防疫与检疫,专科（高职）,畜牧业类,开设院校,1262,INTJ/ESFJ,研究型
1253,油气开采技术,专科（高职）,石油与天然气类,开设院校,1261,INTJ/ISTJ,研究型
1254,工程地质勘查,专科（高职）,地质类,开设院校,1258,INTJ/ISTJ/INTP,研究型
1255,电网监控技术,专科（高职）,电力技术类,开设院校,1243,ISTP/INTJ,
1256,能源化学,本科,化学类,开设院校,1199,ISTP/INTJ,
1257,社会体育,专科（高职）,体育类,开设院校,1173,ISTP,
1258,儿科学,本科,临床医学类,开设院校,1046,INTJ/ISFJ/ESFJ,研究型
1259,港口航道与治河工程,专科（高职）,水利工程与管理类,开设院校,1031,ISTJ/ISTP/ESFJ,研究型、管理型
1260,网络空间安全,本科,计算机类,开设院校,1018,INTP/INTJ,研究型
1261,生物医学科学,本科,基础医学类,开设院校,980,ESFJ/ISFJ,研究型
1262,作曲技术,专科（高职）,表演艺术类,开设院校,958,INTJ/INFP/ENFP,艺术型
1263,大数据技术与应用,专科（高职）,计算机类,开设院校,737,INTP/INTJ,研究型
1264,戏曲表演,专科（高职）,表演艺术类,开设院校,733,INTJ/INFP/ENFP,艺术型
1265,文化遗产,本科,历史学类,开设院校,646,INFJ,社会型
1266,教育康复学,本科,教育学类,开设院校,520,ENFP/ENFJ,社会型
1267,移动互联应用技术,专科（高职）,电子信息类,开设院校,514,ISTP/INTP,
1268,材料设计科学与工程,本科,材料类,开设院校,399,ISTP/INTJ,
1269,铁道工程,本科,土木类,开设院校,396,ISTJ/INTP,研究型
1270,健康服务与管理,本科,公共管理类,开设院校,386,ENTJ/ISFJ,管理型
1271,虚拟现实应用技术,专科（高职）,计算机类,开设院校,348,INTP/INTJ,研究型
1272,幼儿发展与健康管理,专科（高职）,公共服务类,开设院校,341,ESFJ,管理型
1273,电子竞技运动与管理,专科（高职）,体育类,开设院校,302,ISTP,
1274,飞行器控制与信息工程,本科,航空航天类,开设院校,302,ISTP/INTP,
1275,陶瓷艺术设计,本科,设计学类,开设院校,291,ISFJ/ISFP,艺术型
1276,跨媒体艺术,本科,美术学类,开设院校,262,INTJ/INFP,艺术型
1277,地理空间信息工程,本科,测绘类,开设院校,257,ISTJ/INTJ,研究型
1278,水利科学与工程,本科,水利类,开设院校,210,ESFJ/ISTJ,现实型
1279,刑事侦查,专科（高职）,侦查类,开设院校,186,INTJ/ESTP/ENTJ,社会型
1280,实验艺术,本科,美术学类,开设院校,184,INTJ/INFP,艺术型
1281,食用菌生产与加工,专科（高职）,农业类,开设院校,179,INTJ/ISTP/ESFP,现实型、研究型
1282,水生动物医学,本科,水产类,开设院校,156,ESFJ/INTJ,研究型
1283,宠物临床诊疗技术,专科（高职）,畜牧业类,开设院校,139,INTJ/ESFJ,研究型
1284,机场电工技术,专科（高职）,电力技术类,开设院校,126,ISTP/INTJ,
1285,海警舰艇指挥与技术,本科,公安技术类,开设院校,123,ISFJ/INTP/ESTP,管理型
1286,回医学,本科,中医学类,开设院校,120,ESFJ/ISFJ,研究型
1287,商务数据分析与应用,专科（高职）,电子商务类,开设院校,115,ENTJ,常规型
1288,珠宝首饰技术与管理,专科（高职）,轻化工类,开设院校,114,ISTP,
1289,水净化与安全技术,专科（高职）,环境保护类,开设院校,111,INTJ/ENTJ,研究型、现实型
1290,公益慈善事业管理,专科（高职）,公共管理类,开设院校,99,ENTJ/ISFJ,管理型
1291,权籍信息化管理,专科（高职）,资源勘查类,开设院校,98,ISTP,
1292,傣医学,本科,中医学类,开设院校,95,ESFJ/ISFJ,研究型
1293,中小企业创业与经营,专科（高职）,工商管理类,开设院校,95,ISFJ/ISTP/ESFJ,管理型
1294,朝医学,专科（高职）,临床医学类,开设院校,92,INTJ/ISFJ/ESFJ,研究型
1295,塔吉克语,本科,外国语言文学类,开设院校,91,ESTP/INFJ,艺术型
1296,阿姆哈拉语,本科,外国语言文学类,开设院校,88,ESTP/INFJ,艺术型
1297,船艇指挥,专科（高职）,公安指挥类,开设院校,84,ESTP/ISFJ,现实型
1298,马其顿语,本科,外国语言文学类,开设院校,83,ESTP/INFJ,艺术型
1299,土库曼语,本科,外国语言文学类,开设院校,73,ESTP/INFJ,艺术型
1300,音乐传播,专科（高职）,表演艺术类,开设院校,72,INTJ/INFP/ENFP,艺术型
1301,医疗器械经营与管理,专科（高职）,健康管理与促进类,开设院校,71,ESFJ/ISFJ,研究型
1302,亚美尼亚语,本科,外国语言文学类,开设院校,70,ESTP/INFJ,艺术型
1303,吉尔吉斯语,本科,外国语言文学类,开设院校,61,ESTP/INFJ,艺术型
1304,马达加斯加语,本科,外国语言文学类,开设院校,60,ESTP/INFJ,艺术型
1305,加泰罗尼亚语,本科,外国语言文学类,开设院校,59,ESTP/INFJ,艺术型
1307,储能材料技术,专科（高职）,有色金属材料类,开设院校,58,INTJ/INTP,研究型
1306,阿塞拜疆语,本科,外国语言文学类,开设院校,58,ESTP/INFJ,艺术型
1308,索马里语,本科,外国语言文学类,开设院校,56,ESTP/INFJ,艺术型
1309,约鲁巴语,本科,外国语言文学类,开设院校,56,ESTP/INFJ,艺术型
1310,格鲁吉亚语,本科,外国语言文学类,开设院校,56,ESTP/INFJ,艺术型
1311,阿非利卡语,本科,外国语言文学类,开设院校,56,ESTP/INFJ,艺术型
1312,木工设备应用技术,专科（高职）,林业类,开设院校,53,ISTJ/ISFJ,现实型、研究型
